RHIZO 2009,AnalysedRegionArea(cm2),AnalysedRegionWidth(cm),AnalysedRegionHeight(cm),Left Top Right Bottom  NExclusions,Length(cm),LengthTen(cm)/RatioHypLeafToRootLen,ProjArea(cm2),ProjAreaTen(cm2)/RatioHypLeafToRootArea,SurfArea(cm2),SurfAreaTen(cm2),AvgDiam(mm),AvgDiamTen(mm),LenPerVol(cm/m3),LenPerVolTen(cm/m3),RootVolume(cm3),FractalDimension,FractalDeviation,Tips,Forks,Crossings,NofLinks,Altitude,ExternalPathLength,LinkAvgLength(cm),LinkAvgProjArea(cm2),LinkAvgSurfArea(cm2),LinkAvgDiam(mm),LinkAvgBrAngle(deg),NofNodules,HypocotylLeafArea,HypocotylLeafLength,NAxis,Main NAxis,Main TotLength,Lateral NAxis,Lateral TotLength,Tertiary NAxis,Tertiary TotLength,NSeedlings,NumberOfClasses,ClassBoundaries,0<.L.<=0.5000000,0.5000000<.L.<=1.0000000,1.0000000<.L.<=1.5000000,1.5000000<.L.<=2.0000000,2.0000000<.L.<=2.5000000,2.5000000<.L.<=3.0000000,3.0000000<.L.<=3.5000000,3.5000000<.L.<=4.0000000,4.0000000<.L.<=4.5000000,.L.>4.5000000,0<.SA.<=0.5000000,0.5000000<.SA.<=1.0000000,1.0000000<.SA.<=1.5000000,1.5000000<.SA.<=2.0000000,2.0000000<.SA.<=2.5000000,2.5000000<.SA.<=3.0000000,3.0000000<.SA.<=3.5000000,3.5000000<.SA.<=4.0000000,4.0000000<.SA.<=4.5000000,.SA.>4.5000000,0<.PA.<=0.5000000,0.5000000<.PA.<=1.0000000,1.0000000<.PA.<=1.5000000,1.5000000<.PA.<=2.0000000,2.0000000<.PA.<=2.5000000,2.5000000<.PA.<=3.0000000,3.0000000<.PA.<=3.5000000,3.5000000<.PA.<=4.0000000,4.0000000<.PA.<=4.5000000,.PA.>4.5000000,0<.V.<=0.5000000,0.5000000<.V.<=1.0000000,1.0000000<.V.<=1.5000000,1.5000000<.V.<=2.0000000,2.0000000<.V.<=2.5000000,2.5000000<.V.<=3.0000000,3.0000000<.V.<=3.5000000,3.5000000<.V.<=4.0000000,4.0000000<.V.<=4.5000000,.V.>4.5000000,0<.T.<=0.5000000,0.5000000<.T.<=1.0000000,1.0000000<.T.<=1.5000000,1.5000000<.T.<=2.0000000,2.0000000<.T.<=2.5000000,2.5000000<.T.<=3.0000000,3.0000000<.T.<=3.5000000,3.5000000<.T.<=4.0000000,4.0000000<.T.<=4.5000000,.T.>4.5000000,GrpName,Background,GrpName,Healthy,GrpName,Disease
AV262,317.4409,14.1031,22.5087,68 342 6808 10975  0,200.7798,203.678,3.253,3.2309,10.2197,10.1502,0.162,0.1586,200.7798,203.678,0.041,0,0,372,527,51,,,,,,,,,0,,,,,,,,,,,10,0.0000000 0.5000000 1.0000000 1.5000000 2.0000000 2.5000000 3.0000000 3.5000000 4.0000000 4.5000000 ,199.9211,0.851,0,0,0,0,0,0,0,0,8.6679,0.1591,0,0,0,0,0,0,0,0,2.7591,0.0506,0,0,0,0,0,0,0,0,0.0368,0.0024,0,0,0,0,0,0,0,0,370,2,0,0,0,0,0,0,0,0,,,,,,
PL32,325.072,14.2809,22.7627,17 291 6842 11044  0,161.7414,162.5599,2.8243,2.8121,8.8729,8.8344,0.1746,0.173,161.7414,162.5599,0.039,0,0,285,193,24,,,,,,,,,0,,,,,,,,,,,10,0.0000000 0.5000000 1.0000000 1.5000000 2.0000000 2.5000000 3.0000000 3.5000000 4.0000000 4.5000000 ,161.4642,0.2736,0,0,0,0,0,0,0,0,7.6973,0.048,0,0,0,0,0,0,0,0,2.4501,0.0153,0,0,0,0,0,0,0,0,0.0359,0.0007,0,0,0,0,0,0,0,0,284,1,0,0,0,0,0,0,0,0,,,,,,
HO305,303.1811,13.8499,21.8905,120 394 6739 10735  0,142.6805,142.6708,2.6237,2.6167,8.2426,8.2205,0.1839,0.1834,142.6805,142.6708,0.038,0,0,341,362,19,,,,,,,,,0,,,,,,,,,,,10,0.0000000 0.5000000 1.0000000 1.5000000 2.0000000 2.5000000 3.0000000 3.5000000 4.0000000 4.5000000 ,141.8408,0.8368,0,0,0,0,0,0,0,0,7.1767,0.1399,0,0,0,0,0,0,0,0,2.2844,0.0445,0,0,0,0,0,0,0,0,0.0395,0.0019,0,0,0,0,0,0,0,0,340,1,0,0,0,0,0,0,0,0,,,,,,
HO315,300.7927,13.672,22.0006,205 394 6739 10787  0,131.937,128.8877,1.9964,1.9915,6.2718,6.2564,0.1513,0.1545,131.937,128.8877,0.024,0,0,492,388,28,,,,,,,,,0,,,,,,,,,,,10,0.0000000 0.5000000 1.0000000 1.5000000 2.0000000 2.5000000 3.0000000 3.5000000 4.0000000 4.5000000 ,129.353,2.53,0.0507,0,0,0,0,0,0,0,4.9555,0.4994,0.0171,0,0,0,0,0,0,0,1.5774,0.159,0.0054,0,0,0,0,0,0,0,0.0224,0.008,0.0005,0,0,0,0,0,0,0,491,1,0,0,0,0,0,0,0,0,,,,,,
AV293,325.2875,14.2453,22.8347,17 325 6825 11112  0,166.7069,165.4287,4.3386,4.3311,13.63,13.6064,0.2603,0.2618,166.7069,165.4287,0.089,0,0,341,459,21,,,,,,,,,0,,,,,,,,,,,10,0.0000000 0.5000000 1.0000000 1.5000000 2.0000000 2.5000000 3.0000000 3.5000000 4.0000000 4.5000000 ,149.0781,13.0798,4.2073,0.3386,0,0,0,0,0,0,7.7123,2.737,1.655,0.1728,0,0,0,0,0,0,2.4549,0.8712,0.5268,0.055,0,0,0,0,0,0,0.0449,0.0467,0.0523,0.007,0,0,0,0,0,0,338,3,0,0,0,0,0,0,0,0,,,,,,
PL40,320.7856,14.1386,22.6886,68 377 6825 11095  0,160.1178,156.36,2.5751,2.5606,8.0898,8.0443,0.1608,0.1638,160.1178,156.36,0.033,0,0,464,470,55,,,,,,,,,0,,,,,,,,,,,10,0.0000000 0.5000000 1.0000000 1.5000000 2.0000000 2.5000000 3.0000000 3.5000000 4.0000000 4.5000000 ,159.4793,0.6308,0,0,0,0,0,0,0,0,6.8705,0.1113,0,0,0,0,0,0,0,0,2.187,0.0354,0,0,0,0,0,0,0,0,0.0316,0.0016,0,0,0,0,0,0,0,0,462,2,0,0,0,0,0,0,0,0,,,,,,
PL43,321.4443,14.2809,22.5087,17 342 6842 10975  0,164.4299,161.1581,3.0059,2.994,9.4433,9.4059,0.1828,0.1858,164.4299,161.1581,0.043,0,0,435,403,36,,,,,,,,,0,,,,,,,,,,,10,0.0000000 0.5000000 1.0000000 1.5000000 2.0000000 2.5000000 3.0000000 3.5000000 4.0000000 4.5000000 ,163.2965,1.127,0,0,0,0,0,0,0,0,8.211,0.1888,0,0,0,0,0,0,0,0,2.6137,0.0601,0,0,0,0,0,0,0,0,0.0476,0.0025,0,0,0,0,0,0,0,0,435,0,0,0,0,0,0,0,0,0,,,,,,
PL55,314.4221,13.9231,22.5828,137 342 6791 11010  0,148.6458,146.0401,2.2922,2.2802,7.2012,7.1636,0.1542,0.1561,148.6458,146.0401,0.028,0,0,295,347,35,,,,,,,,,0,,,,,,,,,,,10,0.0000000 0.5000000 1.0000000 1.5000000 2.0000000 2.5000000 3.0000000 3.5000000 4.0000000 4.5000000 ,145.8653,2.7767,0,0,0,0,0,0,0,0,5.7936,0.5448,0,0,0,0,0,0,0,0,1.8442,0.1734,0,0,0,0,0,0,0,0,0.0265,0.0087,0,0,0,0,0,0,0,0,295,0,0,0,0,0,0,0,0,0,,,,,,
HO347,307.7084,14.1031,21.8186,51 342 6791 10649  0,182.779,176.1182,3.7584,3.743,11.8072,11.7589,0.2056,0.2125,182.779,176.1182,0.061,0,0,437,667,46,,,,,,,,,0,,,,,,,,,,,10,0.0000000 0.5000000 1.0000000 1.5000000 2.0000000 2.5000000 3.0000000 3.5000000 4.0000000 4.5000000 ,173.7239,9.0476,0,0,0,0,0,0,0,0,8.8359,1.7045,0,0,0,0,0,0,0,0,2.8126,0.5426,0,0,0,0,0,0,0,0,0.047,0.0262,0,0,0,0,0,0,0,0,435,2,0,0,0,0,0,0,0,0,,,,,,
AV276,317.5395,13.9942,22.6907,137 308 6825 11027  0,157.7027,155.9821,3.3008,3.2961,10.3699,10.355,0.2093,0.2113,157.7027,155.9821,0.054,0,0,536,431,28,,,,,,,,,0,,,,,,,,,,,10,0.0000000 0.5000000 1.0000000 1.5000000 2.0000000 2.5000000 3.0000000 3.5000000 4.0000000 4.5000000 ,147.0547,10.6292,0.0142,0,0,0,0,0,0,0,7.1507,2.1342,0.0059,0,0,0,0,0,0,0,2.2761,0.6793,0.0019,0,0,0,0,0,0,0,0.0388,0.0349,0.0002,0,0,0,0,0,0,0,534,2,0,0,0,0,0,0,0,0,,,,,,
AV251,325.8817,14.3165,22.7627,17 325 6859 11078  0,147.473,146.095,3.4466,3.4426,10.8278,10.8151,0.2337,0.2356,147.473,146.095,0.063,0,0,399,369,12,,,,,,,,,0,,,,,,,,,,,10,0.0000000 0.5000000 1.0000000 1.5000000 2.0000000 2.5000000 3.0000000 3.5000000 4.0000000 4.5000000 ,133.5471,12.6608,1.2634,0,0,0,0,0,0,0,6.5941,2.7768,0.4531,0,0,0,0,0,0,0,2.099,0.8839,0.1442,0,0,0,0,0,0,0,0.0365,0.05,0.0131,0,0,0,0,0,0,0,398,1,0,0,0,0,0,0,0,0,,,,,,
HO338,299.642,13.5988,22.0345,17 806 6516 11215  0,169.1189,167.5467,3.9471,3.9413,12.4002,12.3819,0.2334,0.2352,169.1189,167.5467,0.072,0,0,439,434,22,,,,,,,,,0,,,,,,,,,,,10,0.0000000 0.5000000 1.0000000 1.5000000 2.0000000 2.5000000 3.0000000 3.5000000 4.0000000 4.5000000 ,156.3846,11.257,1.4726,0,0,0,0,0,0,0,8.3199,2.397,0.5012,0,0,0,0,0,0,0,2.6483,0.763,0.1595,0,0,0,0,0,0,0,0.0504,0.0427,0.0137,0,0,0,0,0,0,0,434,5,0,0,0,0,0,0,0,0,,,,,,
PL54,287.794,13.5276,21.2745,51 908 6516 10958  0,145.8703,144.4449,1.9189,1.9115,6.0285,6.0051,0.1316,0.1323,145.8703,144.4449,0.02,0,0,355,441,57,,,,,,,,,0,,,,,,,,,,,10,0.0000000 0.5000000 1.0000000 1.5000000 2.0000000 2.5000000 3.0000000 3.5000000 4.0000000 4.5000000 ,145.4584,0.4069,0,0,0,0,0,0,0,0,5.1122,0.0871,0,0,0,0,0,0,0,0,1.6272,0.0277,0,0,0,0,0,0,0,0,0.0184,0.0015,0,0,0,0,0,0,0,0,354,1,0,0,0,0,0,0,0,0,,,,,,
AV249,301.2557,13.672,22.0345,51 806 6585 11215  0,141.9084,140.2543,2.7249,2.7152,8.5604,8.53,0.192,0.1936,141.9084,140.2543,0.041,0,0,435,388,28,,,,,,,,,0,,,,,,,,,,,10,0.0000000 0.5000000 1.0000000 1.5000000 2.0000000 2.5000000 3.0000000 3.5000000 4.0000000 4.5000000 ,136.22,5.5267,0.1569,0,0,0,0,0,0,0,6.4345,1.1561,0.0568,0,0,0,0,0,0,0,2.0482,0.368,0.0181,0,0,0,0,0,0,0,0.0355,0.02,0.0017,0,0,0,0,0,0,0,435,0,0,0,0,0,0,0,0,0,,,,,,
PL26,294.6112,13.7076,21.4926,17 1028 6568 11181  0,156.6393,155.5343,3.2627,3.2557,10.2501,10.2281,0.2083,0.2093,156.6393,155.5343,0.053,0,0,328,273,19,,,,,,,,,0,,,,,,,,,,,10,0.0000000 0.5000000 1.0000000 1.5000000 2.0000000 2.5000000 3.0000000 3.5000000 4.0000000 4.5000000 ,148.4012,7.6794,0.5561,0,0,0,0,0,0,0,7.4139,1.6613,0.1923,0,0,0,0,0,0,0,2.3599,0.5288,0.0612,0,0,0,0,0,0,0,0.0412,0.0298,0.0053,0,0,0,0,0,0,0,323,5,0,0,0,0,0,0,0,0,,,,,,
HO341,306.9207,13.9963,21.9286,102 428 6791 10787  0,128.7782,127.0605,3.1394,3.1321,9.8628,9.8397,0.2438,0.2465,128.7782,127.0605,0.06,0,0,331,312,17,,,,,,,,,0,,,,,,,,,,,10,0.0000000 0.5000000 1.0000000 1.5000000 2.0000000 2.5000000 3.0000000 3.5000000 4.0000000 4.5000000 ,122.4335,6.3403,0,0,0,0,0,0,0,0,7.7739,1.2129,0,0,0,0,0,0,0,0,2.4745,0.3861,0,0,0,0,0,0,0,0,0.0513,0.0188,0,0,0,0,0,0,0,0,329,2,0,0,0,0,0,0,0,0,,,,,,
PL49,317.7328,14.1386,22.4727,17 531 6774 11147  0,149.6769,149.4171,2.8096,2.8041,8.8266,8.8093,0.1877,0.1877,149.6769,149.4171,0.041,0,0,253,278,18,,,,,,,,,0,,,,,,,,,,,10,0.0000000 0.5000000 1.0000000 1.5000000 2.0000000 2.5000000 3.0000000 3.5000000 4.0000000 4.5000000 ,146.9156,2.2159,0.5411,0,0,0,0,0,0,0,6.9914,0.509,0.1851,0,0,0,0,0,0,0,2.2254,0.162,0.0589,0,0,0,0,0,0,0,0.0333,0.0097,0.0051,0,0,0,0,0,0,0,251,1,1,0,0,0,0,0,0,0,,,,,,
HO345,308.636,13.9587,22.1107,137 445 6808 10890  0,137.453,137.8168,4.2632,4.2585,13.3933,13.3784,0.3102,0.309,137.453,137.8168,0.104,0,0,460,498,10,,,,,,,,,0,,,,,,,,,,,10,0.0000000 0.5000000 1.0000000 1.5000000 2.0000000 2.5000000 3.0000000 3.5000000 4.0000000 4.5000000 ,119.8636,16.3303,1.2567,0,0,0,0,0,0,0,8.2171,3.5366,0.4539,0,0,0,0,0,0,0,2.6156,1.1257,0.1445,0,0,0,0,0,0,0,0.0595,0.0631,0.0131,0,0,0,0,0,0,0,448,11,1,0,0,0,0,0,0,0,,,,,,
HO353,320.202,14.1288,22.6631,28 44 2253 3613  0,111.6621,0,2.3147,0,7.2717,0,0.2073,0,111.6621,0,0.038,0,0,285,266,18,,,,,,,,,0,,,,,,,,,,,10,0.0000000 0.5000000 1.0000000 1.5000000 2.0000000 2.5000000 3.0000000 3.5000000 4.0000000 4.5000000 ,109.9324,1.7297,0,0,0,0,0,0,0,0,6.0711,0.3071,0,0,0,0,0,0,0,0,1.9325,0.0977,0,0,0,0,0,0,0,0,0.0347,0.0044,0,0,0,0,0,0,0,0,283,2,0,0,0,0,0,0,0,0,,,,,,
HO335,312.8186,14.205,22.0218,5 106 2242 3574  0,186.4369,0,4.3293,0,13.6009,0,0.2322,0,186.4369,0,0.079,0,0,716,477,59,,,,,,,,,0,,,,,,,,,,,10,0.0000000 0.5000000 1.0000000 1.5000000 2.0000000 2.5000000 3.0000000 3.5000000 4.0000000 4.5000000 ,173.155,13.2159,0.0661,0,0,0,0,0,0,0,9.4973,2.4571,0.0217,0,0,0,0,0,0,0,3.0231,0.7821,0.0069,0,0,0,0,0,0,0,0.0595,0.0372,0.0006,0,0,0,0,0,0,0,715,1,0,0,0,0,0,0,0,0,,,,,,
PL57,349.4093,14.9606,23.3553,1 1 2357 3679  0,141.2283,0,3.387,0,10.6405,0,0.2398,0,141.2283,0,0.064,0,0,432,232,31,,,,,,,,,0,,,,,,,,,,,10,0.0000000 0.5000000 1.0000000 1.5000000 2.0000000 2.5000000 3.0000000 3.5000000 4.0000000 4.5000000 ,128.5625,12.5013,0.1644,0,0,0,0,0,0,0,7.0889,2.4425,0.0609,0,0,0,0,0,0,0,2.2565,0.7775,0.0194,0,0,0,0,0,0,0,0.0432,0.0393,0.0018,0,0,0,0,0,0,0,426,6,0,0,0,0,0,0,0,0,,,,,,
PL50,349.4093,14.9606,23.3553,1 1 2357 3679  0,149.2264,0,3.5741,0,11.2285,0,0.2395,0,149.2264,0,0.067,0,0,351,204,22,,,,,,,,,0,,,,,,,,,,,10,0.0000000 0.5000000 1.0000000 1.5000000 2.0000000 2.5000000 3.0000000 3.5000000 4.0000000 4.5000000 ,138.6502,10.5762,0,0,0,0,0,0,0,0,8.397,1.826,0,0,0,0,0,0,0,0,2.6729,0.5812,0,0,0,0,0,0,0,0,0.0563,0.0256,0,0,0,0,0,0,0,0,344,7,0,0,0,0,0,0,0,0,,,,,,
CA109,349.4093,14.9606,23.3553,1 1 2357 3679  0,122.5907,0,3.0959,0,9.7262,0,0.2525,0,122.5907,0,0.061,0,0,315,102,11,,,,,,,,,0,,,,,,,,,,,10,0.0000000 0.5000000 1.0000000 1.5000000 2.0000000 2.5000000 3.0000000 3.5000000 4.0000000 4.5000000 ,114.3396,8.2511,0,0,0,0,0,0,0,0,7.4105,1.4458,0,0,0,0,0,0,0,0,2.3588,0.4602,0,0,0,0,0,0,0,0,0.0506,0.0205,0,0,0,0,0,0,0,0,304,11,0,0,0,0,0,0,0,0,,,,,,
CA62,349.4093,14.9606,23.3553,1 1 2357 3679  0,91.1642,0,2.5964,0,8.1567,0,0.2848,0,91.1642,0,0.058,0,0,265,101,12,,,,,,,,,0,,,,,,,,,,,10,0.0000000 0.5000000 1.0000000 1.5000000 2.0000000 2.5000000 3.0000000 3.5000000 4.0000000 4.5000000 ,86.7197,4.4444,0,0,0,0,0,0,0,0,6.707,0.745,0,0,0,0,0,0,0,0,2.1349,0.2372,0,0,0,0,0,0,0,0,0.0491,0.01,0,0,0,0,0,0,0,0,259,6,0,0,0,0,0,0,0,0,,,,,,
PL48,349.4093,14.9606,23.3553,1 1 2357 3679  0,164.8549,0,3.3644,0,10.5697,0,0.2041,0,164.8549,0,0.054,0,0,344,214,15,,,,,,,,,0,,,,,,,,,,,10,0.0000000 0.5000000 1.0000000 1.5000000 2.0000000 2.5000000 3.0000000 3.5000000 4.0000000 4.5000000 ,158.5926,6.2623,0,0,0,0,0,0,0,0,8.3451,1.0798,0,0,0,0,0,0,0,0,2.6563,0.3437,0,0,0,0,0,0,0,0,0.0471,0.0151,0,0,0,0,0,0,0,0,341,3,0,0,0,0,0,0,0,0,,,,,,
AV254,311.5663,14.0589,22.1615,22 28 2236 3518  0,116.5742,0,2.958,0,9.2927,0,0.2537,0,116.5742,0,0.059,0,0,248,156,14,,,,,,,,,0,,,,,,,,,,,10,0.0000000 0.5000000 1.0000000 1.5000000 2.0000000 2.5000000 3.0000000 3.5000000 4.0000000 4.5000000 ,107.552,8.8524,0.1698,0,0,0,0,0,0,0,6.4528,1.8204,0.0557,0,0,0,0,0,0,0,2.054,0.5794,0.0177,0,0,0,0,0,0,0,0.038,0.0308,0.0015,0,0,0,0,0,0,0,244,3,1,0,0,0,0,0,0,0,,,,,,
PL47,311.1229,13.9509,22.3012,56 73 2253 3585  0,99.2774,0,1.6286,0,5.1165,0,0.164,0,99.2774,0,0.021,0,0,190,108,5,,,,,,,,,0,,,,,,,,,,,10,0.0000000 0.5000000 1.0000000 1.5000000 2.0000000 2.5000000 3.0000000 3.5000000 4.0000000 4.5000000 ,98.856,0.4214,0,0,0,0,0,0,0,0,4.3757,0.0723,0,0,0,0,0,0,0,0,1.3928,0.023,0,0,0,0,0,0,0,0,0.0206,0.001,0,0,0,0,0,0,0,0,189,1,0,0,0,0,0,0,0,0,,,,,,
AV252,316.3364,14.205,22.2694,50 39 2287 3546  0,117.1728,0,2.8827,0,9.0564,0,0.246,0,117.1728,0,0.056,0,0,484,182,17,,,,,,,,,0,,,,,,,,,,,10,0.0000000 0.5000000 1.0000000 1.5000000 2.0000000 2.5000000 3.0000000 3.5000000 4.0000000 4.5000000 ,107.9511,8.7356,0.3444,0.1417,0,0,0,0,0,0,6.1899,1.7942,0.1364,0.0684,0,0,0,0,0,0,1.9703,0.5711,0.0434,0.0218,0,0,0,0,0,0,0.0395,0.0302,0.0044,0.0026,0,0,0,0,0,0,478,5,0,1,0,0,0,0,0,0,,,,,,
HO334,306.5539,13.989,21.9139,22 50 2225 3501  0,139.8111,0,2.6892,0,8.4485,0,0.1923,0,139.8111,0,0.041,0,0,617,249,13,,,,,,,,,0,,,,,,,,,,,10,0.0000000 0.5000000 1.0000000 1.5000000 2.0000000 2.5000000 3.0000000 3.5000000 4.0000000 4.5000000 ,134.5135,5.2025,0.0951,0,0,0,0,0,0,0,6.2528,1.212,0.0312,0,0,0,0,0,0,0,1.9903,0.3858,0.0099,0,0,0,0,0,0,0,0.0322,0.0232,0.0008,0,0,0,0,0,0,0,616,1,0,0,0,0,0,0,0,0,,,,,,
ME368,322.4534,14.3447,22.479,11 28 2270 3568  0,107.2402,0,3.1096,0,9.7692,0,0.29,0,107.2402,0,0.071,0,0,308,138,8,,,,,,,,,0,,,,,,,,,,,10,0.0000000 0.5000000 1.0000000 1.5000000 2.0000000 2.5000000 3.0000000 3.5000000 4.0000000 4.5000000 ,91.4121,14.3987,1.4295,0,0,0,0,0,0,0,5.5711,2.8433,0.544,0,0,0,0,0,0,0,1.7733,0.9051,0.1732,0,0,0,0,0,0,0,0.0374,0.0458,0.0166,0,0,0,0,0,0,0,298,9,1,0,0,0,0,0,0,0,,,,,,
AV243,303.826,14.0271,21.6598,22 50 2231 3461  0,119.9037,0,2.7382,0,8.6025,0,0.2284,0,119.9037,0,0.049,0,0,337,172,12,,,,,,,,,0,,,,,,,,,,,10,0.0000000 0.5000000 1.0000000 1.5000000 2.0000000 2.5000000 3.0000000 3.5000000 4.0000000 4.5000000 ,114.5173,5.3864,0,0,0,0,0,0,0,0,6.5221,1.0558,0,0,0,0,0,0,0,0,2.076,0.3361,0,0,0,0,0,0,0,0,0.0385,0.017,0,0,0,0,0,0,0,0,334,3,0,0,0,0,0,0,0,0,,,,,,
HO352,314.4695,14.097,22.3075,16 16 2236 3529  0,122.6794,0,4.4465,0,13.969,0,0.3624,0,122.6794,0,0.127,0,0,438,314,19,,,,,,,,,0,,,,,,,,,,,10,0.0000000 0.5000000 1.0000000 1.5000000 2.0000000 2.5000000 3.0000000 3.5000000 4.0000000 4.5000000 ,96.9878,24.5895,1.0244,0.0777,0,0,0,0,0,0,6.7798,5.3946,0.3542,0.0369,0,0,0,0,0,0,2.1581,1.7171,0.1128,0.0118,0,0,0,0,0,0,0.0489,0.0977,0.0098,0.0014,0,0,0,0,0,0,429,8,0,1,0,0,0,0,0,0,,,,,,
HO351,320.3955,14.205,22.5552,44 50 2281 3602  0,135.3263,0,3.9392,0,12.3752,0,0.2911,0,135.3263,0,0.09,0,0,377,278,32,,,,,,,,,0,,,,,,,,,,,10,0.0000000 0.5000000 1.0000000 1.5000000 2.0000000 2.5000000 3.0000000 3.5000000 4.0000000 4.5000000 ,119.2286,14.432,1.6658,0,0,0,0,0,0,0,7.5394,2.9337,0.604,0,0,0,0,0,0,0,2.3999,0.9338,0.1922,0,0,0,0,0,0,0,0.0489,0.0489,0.0175,0,0,0,0,0,0,0,370,7,0,0,0,0,0,0,0,0,,,,,,
CA93,327.9677,14.3828,22.8028,22 11 2287 3602  0,115.7811,0,2.6968,0,8.4722,0,0.2329,0,115.7811,0,0.049,0,0,255,116,7,,,,,,,,,0,,,,,,,,,,,10,0.0000000 0.5000000 1.0000000 1.5000000 2.0000000 2.5000000 3.0000000 3.5000000 4.0000000 4.5000000 ,111.8099,3.9712,0,0,0,0,0,0,0,0,6.8678,0.7601,0,0,0,0,0,0,0,0,2.1861,0.242,0,0,0,0,0,0,0,0,0.0418,0.0119,0,0,0,0,0,0,0,0,252,3,0,0,0,0,0,0,0,0,,,,,,
CA111,325.0039,14.3447,22.6568,28 11 2287 3579  0,75.5375,0,1.6543,0,5.197,0,0.219,0,75.5375,0,0.028,0,0,153,54,2,,,,,,,,,0,,,,,,,,,,,10,0.0000000 0.5000000 1.0000000 1.5000000 2.0000000 2.5000000 3.0000000 3.5000000 4.0000000 4.5000000 ,73.3228,2.2147,0,0,0,0,0,0,0,0,4.2333,0.3972,0,0,0,0,0,0,0,0,1.3475,0.1264,0,0,0,0,0,0,0,0,0.0243,0.0057,0,0,0,0,0,0,0,0,149,4,0,0,0,0,0,0,0,0,,,,,,
PL16,317.7387,14.3828,22.0916,11 123 2276 3602  0,195.0994,0,3.0374,0,9.5422,0,0.1557,0,195.0994,0,0.037,0,0,405,327,37,,,,,,,,,0,,,,,,,,,,,10,0.0000000 0.5000000 1.0000000 1.5000000 2.0000000 2.5000000 3.0000000 3.5000000 4.0000000 4.5000000 ,195.0159,0.0835,0,0,0,0,0,0,0,0,8.1537,0.0156,0,0,0,0,0,0,0,0,2.5954,0.005,0,0,0,0,0,0,0,0,0.0331,0.0002,0,0,0,0,0,0,0,0,405,0,0,0,0,0,0,0,0,0,,,,,,
AV283,327.1686,14.2367,22.9807,11 5 2253 3624  0,196.5083,0,5.2725,0,16.5639,0,0.2683,0,196.5083,0,0.111,0,0,404,289,15,,,,,,,,,0,,,,,,,,,,,10,0.0000000 0.5000000 1.0000000 1.5000000 2.0000000 2.5000000 3.0000000 3.5000000 4.0000000 4.5000000 ,180.2103,12.8285,2.5473,0.9221,0,0,0,0,0,0,10.501,2.7378,0.9719,0.4607,0,0,0,0,0,0,3.3426,0.8715,0.3094,0.1467,0,0,0,0,0,0,0.0616,0.0486,0.0298,0.0184,0,0,0,0,0,0,399,5,0,0,0,0,0,0,0,0,,,,,,
PL30,327.8229,14.3764,22.8028,28 22 2292 3613  0,178.518,0,2.6749,0,8.4036,0,0.1498,0,178.518,0,0.031,0,0,592,382,54,,,,,,,,,0,,,,,,,,,,,10,0.0000000 0.5000000 1.0000000 1.5000000 2.0000000 2.5000000 3.0000000 3.5000000 4.0000000 4.5000000 ,178.4233,0.0946,0,0,0,0,0,0,0,0,7.3177,0.0166,0,0,0,0,0,0,0,0,2.3293,0.0053,0,0,0,0,0,0,0,0,0.0316,0.0002,0,0,0,0,0,0,0,0,592,0,0,0,0,0,0,0,0,0,,,,,,
AV253,327.92,14.3129,22.9108,22 28 2276 3636  0,191.8675,0,3.5315,0,11.0947,0,0.1841,0,191.8675,0,0.051,0,0,434,382,51,,,,,,,,,0,,,,,,,,,,,10,0.0000000 0.5000000 1.0000000 1.5000000 2.0000000 2.5000000 3.0000000 3.5000000 4.0000000 4.5000000 ,189.5411,2.3265,0,0,0,0,0,0,0,0,9.5116,0.4525,0,0,0,0,0,0,0,0,3.0276,0.144,0,0,0,0,0,0,0,0,0.0485,0.0072,0,0,0,0,0,0,0,0,434,0,0,0,0,0,0,0,0,0,,,,,,
PL46,323.5119,14.2748,22.6631,28 50 2276 3619  0,166.1243,0,2.9407,0,9.2385,0,0.177,0,166.1243,0,0.041,0,0,381,429,70,,,,,,,,,0,,,,,,,,,,,10,0.0000000 0.5000000 1.0000000 1.5000000 2.0000000 2.5000000 3.0000000 3.5000000 4.0000000 4.5000000 ,164.326,1.7983,0,0,0,0,0,0,0,0,7.6997,0.3222,0,0,0,0,0,0,0,0,2.4509,0.1026,0,0,0,0,0,0,0,0,0.0377,0.0048,0,0,0,0,0,0,0,0,380,1,0,0,0,0,0,0,0,0,,,,,,
AV241,322.2358,14.1986,22.6949,28 33 2264 3607  0,133.4096,0,3.3908,0,10.6527,0,0.2542,0,133.4096,0,0.068,0,0,273,330,39,,,,,,,,,0,,,,,,,,,,,10,0.0000000 0.5000000 1.0000000 1.5000000 2.0000000 2.5000000 3.0000000 3.5000000 4.0000000 4.5000000 ,127.5483,5.8613,0,0,0,0,0,0,0,0,8.5073,1.0346,0,0,0,0,0,0,0,0,2.708,0.3293,0,0,0,0,0,0,0,0,0.0569,0.0148,0,0,0,0,0,0,0,0,271,2,0,0,0,0,0,0,0,0,,,,,,
PL23,323.9133,14.205,22.8028,22 28 2259 3619  0,151.8987,0,3.7664,0,11.8326,0,0.248,0,151.8987,0,0.073,0,0,177,267,33,,,,,,,,,0,,,,,,,,,,,10,0.0000000 0.5000000 1.0000000 1.5000000 2.0000000 2.5000000 3.0000000 3.5000000 4.0000000 4.5000000 ,144.9995,6.8992,0,0,0,0,0,0,0,0,9.3932,1.2884,0,0,0,0,0,0,0,0,2.99,0.4101,0,0,0,0,0,0,0,0,0.0582,0.0196,0,0,0,0,0,0,0,0,175,2,0,0,0,0,0,0,0,0,,,,,,
AV244,320.5257,14.1669,22.625,28 28 2259 3591  0,149.1572,0,3.5882,0,11.2728,0,0.2406,0,149.1572,0,0.068,0,0,241,371,39,,,,,,,,,0,,,,,,,,,,,10,0.0000000 0.5000000 1.0000000 1.5000000 2.0000000 2.5000000 3.0000000 3.5000000 4.0000000 4.5000000 ,142.6455,6.5117,0,0,0,0,0,0,0,0,8.7944,1.1635,0,0,0,0,0,0,0,0,2.7994,0.3703,0,0,0,0,0,0,0,0,0.0559,0.0168,0,0,0,0,0,0,0,0,240,1,0,0,0,0,0,0,0,0,,,,,,
PL28,323.4944,14.1669,22.8346,28 28 2259 3624  0,159.86,0,3.4908,0,10.9667,0,0.2184,0,159.86,0,0.06,0,0,163,200,23,,,,,,,,,0,,,,,,,,,,,10,0.0000000 0.5000000 1.0000000 1.5000000 2.0000000 2.5000000 3.0000000 3.5000000 4.0000000 4.5000000 ,157.7469,2.1131,0,0,0,0,0,0,0,0,9.7366,0.3722,0,0,0,0,0,0,0,0,3.0993,0.1185,0,0,0,0,0,0,0,0,0.0576,0.0053,0,0,0,0,0,0,0,0,162,1,0,0,0,0,0,0,0,0,,,,,,
PL24,319.8073,14.1351,22.625,33 28 2259 3591  0,136.1505,0,2.4261,0,7.6219,0,0.1782,0,136.1505,0,0.034,0,0,132,98,9,,,,,,,,,0,,,,,,,,,,,10,0.0000000 0.5000000 1.0000000 1.5000000 2.0000000 2.5000000 3.0000000 3.5000000 4.0000000 4.5000000 ,135.3904,0.7601,0,0,0,0,0,0,0,0,6.7912,0.1325,0,0,0,0,0,0,0,0,2.1617,0.0422,0,0,0,0,0,0,0,0,0.0315,0.0019,0,0,0,0,0,0,0,0,132,0,0,0,0,0,0,0,0,0,,,,,,
PL17,325.2308,14.3066,22.733,28 22 2281 3602  0,160.8456,0,3.6763,0,11.5494,0,0.2286,0,160.8456,0,0.066,0,0,159,262,29,,,,,,,,,0,,,,,,,,,,,10,0.0000000 0.5000000 1.0000000 1.5000000 2.0000000 2.5000000 3.0000000 3.5000000 4.0000000 4.5000000 ,156.6586,4.187,0,0,0,0,0,0,0,0,9.6971,0.7181,0,0,0,0,0,0,0,0,3.0867,0.2286,0,0,0,0,0,0,0,0,0.0581,0.0099,0,0,0,0,0,0,0,0,158,1,0,0,0,0,0,0,0,0,,,,,,
ME373,324.5739,14.1669,22.9108,33 33 2264 3641  0,139.1278,0,3.4194,0,10.7424,0,0.2458,0,139.1278,0,0.066,0,0,260,240,20,,,,,,,,,0,,,,,,,,,,,10,0.0000000 0.5000000 1.0000000 1.5000000 2.0000000 2.5000000 3.0000000 3.5000000 4.0000000 4.5000000 ,128.2176,10.5627,0.3475,0,0,0,0,0,0,0,7.6122,1.9992,0.1241,0,0,0,0,0,0,0,2.423,0.6364,0.0395,0,0,0,0,0,0,0,0.0457,0.031,0.0036,0,0,0,0,0,0,0,253,7,0,0,0,0,0,0,0,0,,,,,,
CA80,320.9755,14.1669,22.6568,28 28 2259 3596  0,120.9672,0,3.109,0,9.7674,0,0.257,0,120.9672,0,0.063,0,0,200,143,16,,,,,,,,,0,,,,,,,,,,,10,0.0000000 0.5000000 1.0000000 1.5000000 2.0000000 2.5000000 3.0000000 3.5000000 4.0000000 4.5000000 ,114.127,6.8402,0,0,0,0,0,0,0,0,7.6688,1.2288,0,0,0,0,0,0,0,0,2.4411,0.3911,0,0,0,0,0,0,0,0,0.0498,0.0179,0,0,0,0,0,0,0,0,196,4,0,0,0,0,0,0,0,0,,,,,,
ME383,321.8387,14.205,22.6568,39 56 2276 3624  0,134.7361,0,3.4448,0,10.8221,0,0.2557,0,134.7361,0,0.069,0,0,389,430,54,,,,,,,,,0,,,,,,,,,,,10,0.0000000 0.5000000 1.0000000 1.5000000 2.0000000 2.5000000 3.0000000 3.5000000 4.0000000 4.5000000 ,127.7454,6.7379,0.2528,0,0,0,0,0,0,0,7.9859,1.3023,0.0926,0,0,0,0,0,0,0,2.542,0.4145,0.0295,0,0,0,0,0,0,0,0.0508,0.0209,0.0027,0,0,0,0,0,0,0,385,4,0,0,0,0,0,0,0,0,,,,,,
ME407,309.2657,13.6271,22.6949,28 56 2174 3630  0,128.1586,0,3.3765,0,10.6075,0,0.2635,0,128.1586,0,0.07,0,0,293,258,27,,,,,,,,,0,,,,,,,,,,,10,0.0000000 0.5000000 1.0000000 1.5000000 2.0000000 2.5000000 3.0000000 3.5000000 4.0000000 4.5000000 ,119.2581,8.9005,0,0,0,0,0,0,0,0,7.9036,1.629,0,0,0,0,0,0,0,0,2.5158,0.5185,0,0,0,0,0,0,0,0,0.0518,0.0242,0,0,0,0,0,0,0,0,287,6,0,0,0,0,0,0,0,0,,,,,,
ME390,304.1256,13.5255,22.4854,39 33 2169 3574  0,144.5225,0,3.5671,0,11.2065,0,0.2468,0,144.5225,0,0.069,0,0,323,312,29,,,,,,,,,0,,,,,,,,,,,10,0.0000000 0.5000000 1.0000000 1.5000000 2.0000000 2.5000000 3.0000000 3.5000000 4.0000000 4.5000000 ,134.9755,9.3752,0.1718,0,0,0,0,0,0,0,8.2127,1.7125,0.0621,0,0,0,0,0,0,0,2.6142,0.5451,0.0198,0,0,0,0,0,0,0,0.0511,0.0255,0.0018,0,0,0,0,0,0,0,322,1,0,0,0,0,0,0,0,0,,,,,,
ME409,320.5257,14.1669,22.625,22 28 2253 3591  0,128.9524,0,2.7385,0,8.6033,0,0.2124,0,128.9524,0,0.046,0,0,356,324,31,,,,,,,,,0,,,,,,,,,,,10,0.0000000 0.5000000 1.0000000 1.5000000 2.0000000 2.5000000 3.0000000 3.5000000 4.0000000 4.5000000 ,128.495,0.4573,0,0,0,0,0,0,0,0,7.4891,0.0768,0,0,0,0,0,0,0,0,2.3838,0.0244,0,0,0,0,0,0,0,0,0.0433,0.001,0,0,0,0,0,0,0,0,355,1,0,0,0,0,0,0,0,0,,,,,,
CA61,317.6369,14.0589,22.5933,33 33 2247 3591  0,123.1835,0,2.6645,0,8.3708,0,0.2163,0,123.1835,0,0.045,0,0,174,102,9,,,,,,,,,0,,,,,,,,,,,10,0.0000000 0.5000000 1.0000000 1.5000000 2.0000000 2.5000000 3.0000000 3.5000000 4.0000000 4.5000000 ,121.8891,1.2943,0,0,0,0,0,0,0,0,7.3802,0.2276,0,0,0,0,0,0,0,0,2.3492,0.0725,0,0,0,0,0,0,0,0,0.0422,0.0032,0,0,0,0,0,0,0,0,173,1,0,0,0,0,0,0,0,0,,,,,,
CA77,316.503,13.989,22.625,39 39 2242 3602  0,136.0297,0,3.2699,0,10.2726,0,0.2404,0,136.0297,0,0.062,0,0,144,129,3,,,,,,,,,0,,,,,,,,,,,10,0.0000000 0.5000000 1.0000000 1.5000000 2.0000000 2.5000000 3.0000000 3.5000000 4.0000000 4.5000000 ,130.8539,5.1758,0,0,0,0,0,0,0,0,8.5849,0.8943,0,0,0,0,0,0,0,0,2.7327,0.2847,0,0,0,0,0,0,0,0,0.0533,0.0124,0,0,0,0,0,0,0,0,144,0,0,0,0,0,0,0,0,0,,,,,,
ME365,320.6506,14.1288,22.6949,28 28 2253 3602  0,135.3566,0,3.2712,0,10.2767,0,0.2417,0,135.3566,0,0.062,0,0,237,206,13,,,,,,,,,0,,,,,,,,,,,10,0.0000000 0.5000000 1.0000000 1.5000000 2.0000000 2.5000000 3.0000000 3.5000000 4.0000000 4.5000000 ,130.5327,4.8239,0,0,0,0,0,0,0,0,8.5477,0.8708,0,0,0,0,0,0,0,0,2.7208,0.2772,0,0,0,0,0,0,0,0,0.0527,0.0127,0,0,0,0,0,0,0,0,233,4,0,0,0,0,0,0,0,0,,,,,,
ME387,320.5257,14.1669,22.625,28 33 2259 3596  0,165.4369,0,4.3445,0,13.6488,0,0.2626,0,165.4369,0,0.09,0,0,309,470,67,,,,,,,,,0,,,,,,,,,,,10,0.0000000 0.5000000 1.0000000 1.5000000 2.0000000 2.5000000 3.0000000 3.5000000 4.0000000 4.5000000 ,155.5622,9.8747,0,0,0,0,0,0,0,0,10.3014,1.8317,0,0,0,0,0,0,0,0,3.279,0.5831,0,0,0,0,0,0,0,0,0.0683,0.0276,0,0,0,0,0,0,0,0,306,3,0,0,0,0,0,0,0,0,,,,,,
ME379,319.1254,14.1288,22.5869,39 39 2264 3596  0,136.4852,0,3.7102,0,11.656,0,0.2718,0,136.4852,0,0.079,0,0,282,279,21,,,,,,,,,0,,,,,,,,,,,10,0.0000000 0.5000000 1.0000000 1.5000000 2.0000000 2.5000000 3.0000000 3.5000000 4.0000000 4.5000000 ,126.3385,10.0421,0.1047,0,0,0,0,0,0,0,8.5576,1.8793,0.0372,0,0,0,0,0,0,0,2.724,0.5982,0.0118,0,0,0,0,0,0,0,0.0566,0.0287,0.0011,0,0,0,0,0,0,0,277,5,0,0,0,0,0,0,0,0,,,,,,
CA61 (B),320.3955,14.205,22.5552,22 33 2259 3585  0,124.6239,0,2.8373,0,8.9136,0,0.2277,0,124.6239,0,0.051,0,0,297,307,46,,,,,,,,,0,,,,,,,,,,,10,0.0000000 0.5000000 1.0000000 1.5000000 2.0000000 2.5000000 3.0000000 3.5000000 4.0000000 4.5000000 ,120.9823,3.6416,0,0,0,0,0,0,0,0,7.2246,0.6574,0,0,0,0,0,0,0,0,2.2997,0.2092,0,0,0,0,0,0,0,0,0.0448,0.0096,0,0,0,0,0,0,0,0,296,1,0,0,0,0,0,0,0,0,,,,,,
ME363,318.82,14.1351,22.5552,33 39 2259 3591  0,125.0359,0,3.9312,0,12.3502,0,0.3144,0,125.0359,0,0.097,0,0,272,472,55,,,,,,,,,0,,,,,,,,,,,10,0.0000000 0.5000000 1.0000000 1.5000000 2.0000000 2.5000000 3.0000000 3.5000000 4.0000000 4.5000000 ,106.1492,18.4821,0.4045,0,0,0,0,0,0,0,7.1957,3.5684,0.1419,0,0,0,0,0,0,0,2.2905,1.1359,0.0452,0,0,0,0,0,0,0,0.0504,0.0567,0.004,0,0,0,0,0,0,0,271,1,0,0,0,0,0,0,0,0,,,,,,
CA64,319.3929,14.097,22.6568,33 28 2253 3596  0,105.1677,0,3.1951,0,10.0378,0,0.3038,0,105.1677,0,0.076,0,0,95,131,11,,,,,,,,,0,,,,,,,,,,,10,0.0000000 0.5000000 1.0000000 1.5000000 2.0000000 2.5000000 3.0000000 3.5000000 4.0000000 4.5000000 ,94.0695,10.9924,0.1057,0,0,0,0,0,0,0,7.1733,2.0165,0.0414,0,0,0,0,0,0,0,2.2833,0.6419,0.0132,0,0,0,0,0,0,0,0.0514,0.0301,0.0013,0,0,0,0,0,0,0,93,2,0,0,0,0,0,0,0,0,,,,,,
CA113,316.3852,14.0271,22.5552,44 44 2253 3596  0,104.4621,0,2.7228,0,8.554,0,0.2607,0,104.4621,0,0.056,0,0,169,130,8,,,,,,,,,0,,,,,,,,,,,10,0.0000000 0.5000000 1.0000000 1.5000000 2.0000000 2.5000000 3.0000000 3.5000000 4.0000000 4.5000000 ,99.8004,4.6205,0.0412,0,0,0,0,0,0,0,6.9694,0.8288,0.0138,0,0,0,0,0,0,0,2.2184,0.2638,0.0044,0,0,0,0,0,0,0,0.047,0.0121,0.0004,0,0,0,0,0,0,0,169,0,0,0,0,0,0,0,0,0,,,,,,
ME410,319.0653,14.0589,22.6949,33 33 2247 3607  0,116.9057,0,4.6891,0,14.7312,0,0.4011,0,116.9057,0,0.148,0,0,270,339,16,,,,,,,,,0,,,,,,,,,,,10,0.0000000 0.5000000 1.0000000 1.5000000 2.0000000 2.5000000 3.0000000 3.5000000 4.0000000 4.5000000 ,87.7041,24.1582,4.2084,0.6404,0.1946,0,0,0,0,0,6.2868,5.0218,1.5494,0.3582,0.1316,0,0,0,0,0,2.0012,1.5985,0.4932,0.114,0.0419,0,0,0,0,0,0.0458,0.0862,0.0459,0.016,0.0071,0,0,0,0,0,263,6,1,0,0,0,0,0,0,0,,,,,,
ME418,320.1123,14.1288,22.6568,39 28 2264 3596  0,126.405,0,3.7471,0,11.7717,0,0.2964,0,126.405,0,0.087,0,0,336,521,94,,,,,,,,,0,,,,,,,,,,,10,0.0000000 0.5000000 1.0000000 1.5000000 2.0000000 2.5000000 3.0000000 3.5000000 4.0000000 4.5000000 ,111.3196,13.3577,1.7276,0,0,0,0,0,0,0,6.8042,2.7868,0.6227,0,0,0,0,0,0,0,2.1658,0.8871,0.1982,0,0,0,0,0,0,0,0.0447,0.0484,0.018,0,0,0,0,0,0,0,333,3,0,0,0,0,0,0,0,0,,,,,,
ME399,316.8865,14.097,22.479,44 39 2264 3579  0,126.8253,0,4.1637,0,13.0807,0,0.3283,0,126.8253,0,0.107,0,0,236,472,46,,,,,,,,,0,,,,,,,,,,,10,0.0000000 0.5000000 1.0000000 1.5000000 2.0000000 2.5000000 3.0000000 3.5000000 4.0000000 4.5000000 ,107.4231,18.7371,0.5488,0.1163,0,0,0,0,0,0,7.7142,3.6907,0.2059,0.0621,0,0,0,0,0,0,2.4555,1.1748,0.0655,0.0198,0,0,0,0,0,0,0.0556,0.0595,0.0062,0.0026,0,0,0,0,0,0,234,2,0,0,0,0,0,0,0,0,,,,,,
ME386,316.5657,14.0589,22.5171,33 33 2247 3579  0,91.5836,0,2.9823,0,9.3693,0,0.3256,0,91.5836,0,0.076,0,0,257,147,9,,,,,,,,,0,,,,,,,,,,,10,0.0000000 0.5000000 1.0000000 1.5000000 2.0000000 2.5000000 3.0000000 3.5000000 4.0000000 4.5000000 ,76.4191,10.7656,3.6786,0.7203,0,0,0,0,0,0,4.6755,2.2204,1.4329,0.3558,0,0,0,0,0,0,1.4883,0.7068,0.4561,0.1133,0,0,0,0,0,0,0.0315,0.0377,0.0447,0.014,0,0,0,0,0,0,251,6,0,0,0,0,0,0,0,0,,,,,,
ME397,315.5258,13.989,22.5552,44 39 2247 3591  0,111.5463,0,3.3528,0,10.5332,0,0.3006,0,111.5463,0,0.079,0,0,321,308,31,,,,,,,,,0,,,,,,,,,,,10,0.0000000 0.5000000 1.0000000 1.5000000 2.0000000 2.5000000 3.0000000 3.5000000 4.0000000 4.5000000 ,95.8814,14.412,1.0709,0.1819,0,0,0,0,0,0,5.9171,2.9753,0.4322,0.1014,0,0,0,0,0,0,1.8835,0.9471,0.1376,0.0323,0,0,0,0,0,0,0.0396,0.051,0.0141,0.0045,0,0,0,0,0,0,316,4,1,0,0,0,0,0,0,0,,,,,,
ME404,318.0833,14.0589,22.625,39 28 2253 3591  0,111.6986,0,3.3796,0,10.6174,0,0.3026,0,111.6986,0,0.08,0,0,280,284,32,,,,,,,,,0,,,,,,,,,,,10,0.0000000 0.5000000 1.0000000 1.5000000 2.0000000 2.5000000 3.0000000 3.5000000 4.0000000 4.5000000 ,98.164,13.4923,0.0423,0,0,0,0,0,0,0,6.9269,2.4869,0.0156,0,0,0,0,0,0,0,2.2049,0.7916,0.005,0,0,0,0,0,0,0,0.0502,0.0373,0.0005,0,0,0,0,0,0,0,278,2,0,0,0,0,0,0,0,0,,,,,,
ME376,318.4082,14.097,22.5869,39 39 2259 3596  0,118.6352,0,3.2563,0,10.23,0,0.2745,0,118.6352,0,0.07,0,0,273,383,38,,,,,,,,,0,,,,,,,,,,,10,0.0000000 0.5000000 1.0000000 1.5000000 2.0000000 2.5000000 3.0000000 3.5000000 4.0000000 4.5000000 ,109.2526,9.3667,0.0159,0,0,0,0,0,0,0,7.3881,1.8142,0.0051,0,0,0,0,0,0,0,2.3517,0.5775,0.0016,0,0,0,0,0,0,0,0.0509,0.0289,0.0001,0,0,0,0,0,0,0,271,2,0,0,0,0,0,0,0,0,,,,,,
ME384,317.1013,14.0589,22.5552,33 33 2247 3585  0,105.0293,0,2.7892,0,8.7626,0,0.2656,0,105.0293,0,0.058,0,0,252,191,10,,,,,,,,,0,,,,,,,,,,,10,0.0000000 0.5000000 1.0000000 1.5000000 2.0000000 2.5000000 3.0000000 3.5000000 4.0000000 4.5000000 ,97.1721,7.0684,0.7761,0.0127,0,0,0,0,0,0,6.2901,1.3597,0.2827,0.006,0,0,0,0,0,0,2.0022,0.4328,0.09,0.0019,0,0,0,0,0,0,0.0403,0.0215,0.0083,0.0002,0,0,0,0,0,0,248,4,0,0,0,0,0,0,0,0,,,,,,
CA100,319.93,14.097,22.6949,39 33 2259 3607  0,123.5061,0,2.9655,0,9.3165,0,0.2401,0,123.5061,0,0.056,0,0,225,171,19,,,,,,,,,0,,,,,,,,,,,10,0.0000000 0.5000000 1.0000000 1.5000000 2.0000000 2.5000000 3.0000000 3.5000000 4.0000000 4.5000000 ,118.9177,4.5884,0,0,0,0,0,0,0,0,7.4933,0.841,0,0,0,0,0,0,0,0,2.3852,0.2677,0,0,0,0,0,0,0,0,0.0466,0.0126,0,0,0,0,0,0,0,0,225,0,0,0,0,0,0,0,0,0,,,,,,
CA95,324.3095,14.1986,22.8409,28 16 2264 3613  0,113.6617,0,3.2522,0,10.2172,0,0.2861,0,113.6617,0,0.073,0,0,150,151,18,,,,,,,,,0,,,,,,,,,,,10,0.0000000 0.5000000 1.0000000 1.5000000 2.0000000 2.5000000 3.0000000 3.5000000 4.0000000 4.5000000 ,109.0109,4.6507,0,0,0,0,0,0,0,0,8.3445,0.8319,0,0,0,0,0,0,0,0,2.6561,0.2648,0,0,0,0,0,0,0,0,0.0595,0.012,0,0,0,0,0,0,0,0,148,2,0,0,0,0,0,0,0,0,,,,,,
ME396,318.4082,14.097,22.5869,33 39 2253 3596  0,134.3334,0,3.8481,0,12.0891,0,0.2865,0,134.3334,0,0.087,0,0,333,321,24,,,,,,,,,0,,,,,,,,,,,10,0.0000000 0.5000000 1.0000000 1.5000000 2.0000000 2.5000000 3.0000000 3.5000000 4.0000000 4.5000000 ,122.4158,11.8018,0.0931,0.0227,0,0,0,0,0,0,8.7918,2.1382,0.0374,0.0108,0,0,0,0,0,0,2.7985,0.6806,0.0119,0.0034,0,0,0,0,0,0,0.0634,0.0314,0.0012,0.0004,0,0,0,0,0,0,327,6,0,0,0,0,0,0,0,0,,,,,,
CA108,320.3459,14.1351,22.6631,33 33 2259 3602  0,105.5799,0,3.1674,0,9.9506,0,0.3,0,105.5799,0,0.075,0,0,129,81,5,,,,,,,,,0,,,,,,,,,,,10,0.0000000 0.5000000 1.0000000 1.5000000 2.0000000 2.5000000 3.0000000 3.5000000 4.0000000 4.5000000 ,98.4782,7.1017,0,0,0,0,0,0,0,0,7.8334,1.3114,0,0,0,0,0,0,0,0,2.4935,0.4174,0,0,0,0,0,0,0,0,0.0578,0.0198,0,0,0,0,0,0,0,0,127,2,0,0,0,0,0,0,0,0,,,,,,
ME398,315.4542,14.097,22.3774,33 33 2253 3557  0,150.6384,0,4.1533,0,13.0481,0,0.2757,0,150.6384,0,0.09,0,0,354,514,54,,,,,,,,,0,,,,,,,,,,,10,0.0000000 0.5000000 1.0000000 1.5000000 2.0000000 2.5000000 3.0000000 3.5000000 4.0000000 4.5000000 ,136.8472,13.3471,0.4082,0.0359,0,0,0,0,0,0,8.5357,2.7454,0.1455,0.0172,0,0,0,0,0,0,2.717,0.8739,0.0463,0.0055,0,0,0,0,0,0,0.0541,0.0469,0.0042,0.0007,0,0,0,0,0,0,352,2,0,0,0,0,0,0,0,0,,,,,,
ME402,322.3206,14.1351,22.8028,33 33 2259 3624  0,116.9874,0,3.2041,0,10.066,0,0.2739,0,116.9874,0,0.069,0,0,244,262,28,,,,,,,,,0,,,,,,,,,,,10,0.0000000 0.5000000 1.0000000 1.5000000 2.0000000 2.5000000 3.0000000 3.5000000 4.0000000 4.5000000 ,107.6551,8.7705,0.5618,0,0,0,0,0,0,0,6.9732,1.7457,0.197,0,0,0,0,0,0,0,2.2196,0.5557,0.0627,0,0,0,0,0,0,0,0.0456,0.0289,0.0055,0,0,0,0,0,0,0,236,6,2,0,0,0,0,0,0,0,,,,,,
ME400,318.4978,14.097,22.5933,33 33 2253 3591  0,112.0674,0,2.6928,0,8.4597,0,0.2403,0,112.0674,0,0.051,0,0,342,247,29,,,,,,,,,0,,,,,,,,,,,10,0.0000000 0.5000000 1.0000000 1.5000000 2.0000000 2.5000000 3.0000000 3.5000000 4.0000000 4.5000000 ,106.18,5.1136,0.7738,0,0,0,0,0,0,0,6.0117,1.0268,0.2703,0,0,0,0,0,0,0,1.9136,0.3269,0.0861,0,0,0,0,0,0,0,0.0349,0.0169,0.0076,0,0,0,0,0,0,0,341,1,0,0,0,0,0,0,0,0,,,,,,
HO359,322.2358,14.1986,22.6949,28 28 2264 3602  0,116.2712,0,3.5751,0,11.2314,0,0.3075,0,116.2712,0,0.086,0,0,203,350,26,,,,,,,,,0,,,,,,,,,,,10,0.0000000 0.5000000 1.0000000 1.5000000 2.0000000 2.5000000 3.0000000 3.5000000 4.0000000 4.5000000 ,100.4591,15.8121,0,0,0,0,0,0,0,0,7.1671,2.8796,0,0,0,0,0,0,0,0,2.2814,0.9166,0,0,0,0,0,0,0,0,0.05,0.0425,0,0,0,0,0,0,0,0,201,2,0,0,0,0,0,0,0,0,,,,,,
HO346,320.6506,14.1288,22.6949,39 28 2264 3602  0,139.7786,0,3.3565,0,10.5448,0,0.2401,0,139.7786,0,0.063,0,0,253,450,52,,,,,,,,,0,,,,,,,,,,,10,0.0000000 0.5000000 1.0000000 1.5000000 2.0000000 2.5000000 3.0000000 3.5000000 4.0000000 4.5000000 ,135.7709,4.0078,0,0,0,0,0,0,0,0,8.545,0.7179,0,0,0,0,0,0,0,0,2.72,0.2285,0,0,0,0,0,0,0,0,0.0522,0.0104,0,0,0,0,0,0,0,0,252,1,0,0,0,0,0,0,0,0,,,,,,
HO349,321.5152,14.1669,22.6949,22 22 2253 3596  0,132.1823,0,3.344,0,10.5053,0,0.253,0,132.1823,0,0.066,0,0,246,298,35,,,,,,,,,0,,,,,,,,,,,10,0.0000000 0.5000000 1.0000000 1.5000000 2.0000000 2.5000000 3.0000000 3.5000000 4.0000000 4.5000000 ,124.271,7.8305,0.0809,0,0,0,0,0,0,0,7.8994,1.4504,0.0321,0,0,0,0,0,0,0,2.5145,0.4617,0.0102,0,0,0,0,0,0,0,0.0505,0.0219,0.001,0,0,0,0,0,0,0,242,4,0,0,0,0,0,0,0,0,,,,,,
PL6,320.2561,14.1351,22.6568,33 28 2259 3596  0,121.8992,0,3.2287,0,10.1431,0,0.2649,0,121.8992,0,0.067,0,0,248,314,30,,,,,,,,,0,,,,,,,,,,,10,0.0000000 0.5000000 1.0000000 1.5000000 2.0000000 2.5000000 3.0000000 3.5000000 4.0000000 4.5000000 ,112.8265,9.0299,0.0428,0,0,0,0,0,0,0,7.3885,1.6719,0.0141,0,0,0,0,0,0,0,2.3518,0.5322,0.0045,0,0,0,0,0,0,0,0.0492,0.0252,0.0004,0,0,0,0,0,0,0,248,0,0,0,0,0,0,0,0,0,,,,,,
PL19,319.0653,14.0589,22.6949,39 28 2253 3602  0,110.5014,0,2.5622,0,8.0495,0,0.2319,0,110.5014,0,0.047,0,0,180,252,49,,,,,,,,,0,,,,,,,,,,,10,0.0000000 0.5000000 1.0000000 1.5000000 2.0000000 2.5000000 3.0000000 3.5000000 4.0000000 4.5000000 ,105.1105,5.2931,0.0978,0,0,0,0,0,0,0,6.2644,0.9526,0.0339,0,0,0,0,0,0,0,1.994,0.3032,0.0108,0,0,0,0,0,0,0,0.0401,0.014,0.0009,0,0,0,0,0,0,0,177,3,0,0,0,0,0,0,0,0,,,,,,
AV280,319.3929,14.097,22.6568,33 28 2253 3596  0,141.6447,0,4.4048,0,13.8382,0,0.311,0,141.6447,0,0.108,0,0,236,359,37,,,,,,,,,0,,,,,,,,,,,10,0.0000000 0.5000000 1.0000000 1.5000000 2.0000000 2.5000000 3.0000000 3.5000000 4.0000000 4.5000000 ,123.1194,16.8836,1.4245,0.2172,0,0,0,0,0,0,8.6768,3.1647,0.5362,0.1201,0,0,0,0,0,0,2.7619,1.0074,0.1707,0.0382,0,0,0,0,0,0,0.0618,0.0489,0.0162,0.0053,0,0,0,0,0,0,231,5,0,0,0,0,0,0,0,0,,,,,,
AV272,310.0246,13.8112,22.4473,50 95 2225 3630  0,129.7047,0,3.5814,0,11.2512,0,0.2761,0,129.7047,0,0.078,0,0,176,338,31,,,,,,,,,0,,,,,,,,,,,10,0.0000000 0.5000000 1.0000000 1.5000000 2.0000000 2.5000000 3.0000000 3.5000000 4.0000000 4.5000000 ,122.7982,6.9065,0,0,0,0,0,0,0,0,8.774,1.2653,0,0,0,0,0,0,0,0,2.7928,0.4027,0,0,0,0,0,0,0,0,0.0601,0.0188,0,0,0,0,0,0,0,0,175,1,0,0,0,0,0,0,0,0,,,,,,
PL1,319.93,14.097,22.6949,39 28 2259 3602  0,120.6006,0,3.2928,0,10.3445,0,0.273,0,120.6006,0,0.071,0,0,246,305,33,,,,,,,,,0,,,,,,,,,,,10,0.0000000 0.5000000 1.0000000 1.5000000 2.0000000 2.5000000 3.0000000 3.5000000 4.0000000 4.5000000 ,111.1385,9.462,0,0,0,0,0,0,0,0,7.6051,1.7009,0,0,0,0,0,0,0,0,2.4208,0.5414,0,0,0,0,0,0,0,0,0.0518,0.0248,0,0,0,0,0,0,0,0,246,0,0,0,0,0,0,0,0,0,,,,,,
AV246,323.6429,14.2367,22.733,22 22 2264 3602  0,127.5396,0,4.0648,0,12.7699,0,0.3187,0,127.5396,0,0.102,0,0,228,451,44,,,,,,,,,0,,,,,,,,,,,10,0.0000000 0.5000000 1.0000000 1.5000000 2.0000000 2.5000000 3.0000000 3.5000000 4.0000000 4.5000000 ,108.5467,18.8586,0.1343,0,0,0,0,0,0,0,7.743,3.5312,0.0431,0,0,0,0,0,0,0,2.4647,1.124,0.0137,0,0,0,0,0,0,0,0.056,0.0538,0.0011,0,0,0,0,0,0,0,224,4,0,0,0,0,0,0,0,0,,,,,,
AV250,320.1366,14.0589,22.7711,33 33 2247 3619  0,118.7295,0,3.4704,0,10.9025,0,0.2923,0,118.7295,0,0.08,0,0,196,338,41,,,,,,,,,0,,,,,,,,,,,10,0.0000000 0.5000000 1.0000000 1.5000000 2.0000000 2.5000000 3.0000000 3.5000000 4.0000000 4.5000000 ,101.5416,17.1879,0,0,0,0,0,0,0,0,6.4724,3.1782,0,0,0,0,0,0,0,0,2.0602,1.0116,0,0,0,0,0,0,0,0,0.0433,0.0476,0,0,0,0,0,0,0,0,191,5,0,0,0,0,0,0,0,0,,,,,,
PL12,317.4236,14.097,22.5171,44 39 2264 3585  0,98.271,0,2.1107,0,6.6309,0,0.2148,0,98.271,0,0.036,0,0,127,115,16,,,,,,,,,0,,,,,,,,,,,10,0.0000000 0.5000000 1.0000000 1.5000000 2.0000000 2.5000000 3.0000000 3.5000000 4.0000000 4.5000000 ,97.0419,1.2292,0,0,0,0,0,0,0,0,5.8229,0.2077,0,0,0,0,0,0,0,0,1.8535,0.0661,0,0,0,0,0,0,0,0,0.0342,0.0028,0,0,0,0,0,0,0,0,126,1,0,0,0,0,0,0,0,0,,,,,,
AV284,323.2276,14.1986,22.7647,28 28 2264 3613  0,110.7265,0,2.525,0,7.9324,0,0.228,0,110.7265,0,0.045,0,0,189,218,16,,,,,,,,,0,,,,,,,,,,,10,0.0000000 0.5000000 1.0000000 1.5000000 2.0000000 2.5000000 3.0000000 3.5000000 4.0000000 4.5000000 ,108.6573,2.0692,0,0,0,0,0,0,0,0,6.6296,0.3678,0,0,0,0,0,0,0,0,2.1103,0.1171,0,0,0,0,0,0,0,0,0.0396,0.0053,0,0,0,0,0,0,0,0,189,0,0,0,0,0,0,0,0,0,,,,,,
PL25,318.0833,14.0589,22.625,33 33 2247 3596  0,105.2332,0,2.5953,0,8.1534,0,0.2466,0,105.2332,0,0.05,0,0,116,134,16,,,,,,,,,0,,,,,,,,,,,10,0.0000000 0.5000000 1.0000000 1.5000000 2.0000000 2.5000000 3.0000000 3.5000000 4.0000000 4.5000000 ,100.3154,4.9178,0,0,0,0,0,0,0,0,6.5474,0.8849,0,0,0,0,0,0,0,0,2.0841,0.2817,0,0,0,0,0,0,0,0,0.0425,0.0129,0,0,0,0,0,0,0,0,115,1,0,0,0,0,0,0,0,0,,,,,,
AV282,322.9211,14.205,22.733,22 22 2259 3602  0,99.0697,0,2.4606,0,7.7302,0,0.2484,0,99.0697,0,0.048,0,0,168,229,20,,,,,,,,,0,,,,,,,,,,,10,0.0000000 0.5000000 1.0000000 1.5000000 2.0000000 2.5000000 3.0000000 3.5000000 4.0000000 4.5000000 ,96.3207,2.7489,0,0,0,0,0,0,0,0,6.4121,0.4944,0,0,0,0,0,0,0,0,2.041,0.1574,0,0,0,0,0,0,0,0,0.04,0.0072,0,0,0,0,0,0,0,0,164,4,0,0,0,0,0,0,0,0,,,,,,
HO360,321.785,14.1986,22.6631,28 22 2264 3591  0,146.0721,0,3.6442,0,11.4485,0,0.2495,0,146.0721,0,0.071,0,0,293,575,80,,,,,,,,,0,,,,,,,,,,,10,0.0000000 0.5000000 1.0000000 1.5000000 2.0000000 2.5000000 3.0000000 3.5000000 4.0000000 4.5000000 ,141.333,4.7391,0,0,0,0,0,0,0,0,9.0761,0.8509,0,0,0,0,0,0,0,0,2.889,0.2708,0,0,0,0,0,0,0,0,0.0566,0.0123,0,0,0,0,0,0,0,0,293,0,0,0,0,0,0,0,0,0,,,,,,
AV279,319.8073,14.1351,22.625,33 28 2259 3591  0,105.64,0,2.4467,0,7.6867,0,0.2316,0,105.64,0,0.045,0,0,150,159,8,,,,,,,,,0,,,,,,,,,,,10,0.0000000 0.5000000 1.0000000 1.5000000 2.0000000 2.5000000 3.0000000 3.5000000 4.0000000 4.5000000 ,102.9096,2.7304,0,0,0,0,0,0,0,0,6.4484,0.4905,0,0,0,0,0,0,0,0,2.0526,0.1561,0,0,0,0,0,0,0,0,0.0383,0.0072,0,0,0,0,0,0,0,0,150,0,0,0,0,0,0,0,0,0,,,,,,
HO333,320.3776,14.097,22.7266,33 28 2253 3607  0,128.2843,0,3.4589,0,10.8664,0,0.2696,0,128.2843,0,0.073,0,0,187,316,26,,,,,,,,,0,,,,,,,,,,,10,0.0000000 0.5000000 1.0000000 1.5000000 2.0000000 2.5000000 3.0000000 3.5000000 4.0000000 4.5000000 ,117.378,10.9063,0,0,0,0,0,0,0,0,7.9213,1.8916,0,0,0,0,0,0,0,0,2.5214,0.6021,0,0,0,0,0,0,0,0,0.0528,0.0264,0,0,0,0,0,0,0,0,184,3,0,0,0,0,0,0,0,0,,,,,,
AV281,317.4236,14.097,22.5171,33 39 2253 3585  0,121.4123,0,2.9065,0,9.131,0,0.2394,0,121.4123,0,0.055,0,0,200,191,21,,,,,,,,,0,,,,,,,,,,,10,0.0000000 0.5000000 1.0000000 1.5000000 2.0000000 2.5000000 3.0000000 3.5000000 4.0000000 4.5000000 ,116.5769,4.8127,0.0227,0,0,0,0,0,0,0,7.3403,0.8293,0.0073,0,0,0,0,0,0,0,2.3365,0.264,0.0023,0,0,0,0,0,0,0,0.0447,0.0115,0.0002,0,0,0,0,0,0,0,199,1,0,0,0,0,0,0,0,0,,,,,,
HO340-B,318.6768,14.1288,22.5552,39 44 2264 3596  0,124.9189,0,2.6419,0,8.2997,0,0.2115,0,124.9189,0,0.044,0,0,214,336,39,,,,,,,,,0,,,,,,,,,,,10,0.0000000 0.5000000 1.0000000 1.5000000 2.0000000 2.5000000 3.0000000 3.5000000 4.0000000 4.5000000 ,120.3156,4.5551,0.0481,0,0,0,0,0,0,0,6.3565,0.8681,0.0156,0,0,0,0,0,0,0,2.0233,0.2763,0.005,0,0,0,0,0,0,0,0.0353,0.0135,0.0004,0,0,0,0,0,0,0,214,0,0,0,0,0,0,0,0,0,,,,,,
PL52,319.3586,14.1351,22.5933,33 44 2259 3602  0,115.425,0,2.3247,0,7.3032,0,0.2014,0,115.425,0,0.037,0,0,149,274,30,,,,,,,,,0,,,,,,,,,,,10,0.0000000 0.5000000 1.0000000 1.5000000 2.0000000 2.5000000 3.0000000 3.5000000 4.0000000 4.5000000 ,113.7845,1.6405,0,0,0,0,0,0,0,0,6.0472,0.3087,0,0,0,0,0,0,0,0,1.9249,0.0983,0,0,0,0,0,0,0,0,0.0322,0.0048,0,0,0,0,0,0,0,0,148,1,0,0,0,0,0,0,0,0,,,,,,
AV275,317.8994,14.0271,22.6631,50 33 2259 3602  0,128.2928,0,2.8697,0,9.0156,0,0.2237,0,128.2928,0,0.05,0,0,232,252,27,,,,,,,,,0,,,,,,,,,,,10,0.0000000 0.5000000 1.0000000 1.5000000 2.0000000 2.5000000 3.0000000 3.5000000 4.0000000 4.5000000 ,126.5191,1.7647,0.009,0,0,0,0,0,0,0,7.6809,0.331,0.0032,0,0,0,0,0,0,0,2.4449,0.1054,0.001,0,0,0,0,0,0,0,0.0447,0.0051,0.0001,0,0,0,0,0,0,0,232,0,0,0,0,0,0,0,0,0,,,,,,
AV278,318.82,14.1351,22.5552,33 44 2259 3596  0,144.0775,0,4.7866,0,15.0376,0,0.3322,0,144.0775,0,0.125,0,0,247,429,63,,,,,,,,,0,,,,,,,,,,,10,0.0000000 0.5000000 1.0000000 1.5000000 2.0000000 2.5000000 3.0000000 3.5000000 4.0000000 4.5000000 ,129.8106,14.2013,0.0656,0,0,0,0,0,0,0,10.5945,2.6246,0.021,0,0,0,0,0,0,0,3.3723,0.8354,0.0067,0,0,0,0,0,0,0,0.0811,0.0395,0.0005,0,0,0,0,0,0,0,245,2,0,0,0,0,0,0,0,0,,,,,,
HO342,315.5258,13.989,22.5552,39 33 2242 3585  0,122.0032,0,3.0184,0,9.4826,0,0.2474,0,122.0032,0,0.059,0,0,301,351,33,,,,,,,,,0,,,,,,,,,,,10,0.0000000 0.5000000 1.0000000 1.5000000 2.0000000 2.5000000 3.0000000 3.5000000 4.0000000 4.5000000 ,117.6898,4.3134,0,0,0,0,0,0,0,0,7.593,0.7428,0,0,0,0,0,0,0,0,2.4169,0.2364,0,0,0,0,0,0,0,0,0.0493,0.0103,0,0,0,0,0,0,0,0,301,0,0,0,0,0,0,0,0,0,,,,,,
PL58,316.9196,14.0271,22.5933,44 44 2253 3602  0,105.8851,0,2.2412,0,7.0409,0,0.2117,0,105.8851,0,0.037,0,0,139,136,11,,,,,,,,,0,,,,,,,,,,,10,0.0000000 0.5000000 1.0000000 1.5000000 2.0000000 2.5000000 3.0000000 3.5000000 4.0000000 4.5000000 ,102.6744,3.2107,0,0,0,0,0,0,0,0,5.836,0.5763,0,0,0,0,0,0,0,0,1.8577,0.1834,0,0,0,0,0,0,0,0,0.0348,0.0083,0,0,0,0,0,0,0,0,138,1,0,0,0,0,0,0,0,0,,,,,,
PL22,321.6948,14.1986,22.6568,28 28 2264 3596  0,118.4069,0,2.4936,0,7.8338,0,0.2106,0,118.4069,0,0.041,0,0,170,296,32,,,,,,,,,0,,,,,,,,,,,10,0.0000000 0.5000000 1.0000000 1.5000000 2.0000000 2.5000000 3.0000000 3.5000000 4.0000000 4.5000000 ,115.1376,3.2692,0,0,0,0,0,0,0,0,6.3757,0.5571,0,0,0,0,0,0,0,0,2.0295,0.1773,0,0,0,0,0,0,0,0,0.0383,0.0076,0,0,0,0,0,0,0,0,168,2,0,0,0,0,0,0,0,0,,,,,,
PL8,318.9964,14.1669,22.5171,33 39 2264 3585  0,109.1965,0,2.5013,0,7.8582,0,0.2291,0,109.1965,0,0.045,0,0,153,203,21,,,,,,,,,0,,,,,,,,,,,10,0.0000000 0.5000000 1.0000000 1.5000000 2.0000000 2.5000000 3.0000000 3.5000000 4.0000000 4.5000000 ,105.1632,4.0333,0,0,0,0,0,0,0,0,6.3861,0.7087,0,0,0,0,0,0,0,0,2.0327,0.2256,0,0,0,0,0,0,0,0,0.0393,0.01,0,0,0,0,0,0,0,0,152,1,0,0,0,0,0,0,0,0,,,,,,
PL14,314.7284,14.0208,22.4473,39 39 2247 3574  0,107.0034,0,3.0809,0,9.679,0,0.2879,0,107.0034,0,0.07,0,0,134,233,36,,,,,,,,,0,,,,,,,,,,,10,0.0000000 0.5000000 1.0000000 1.5000000 2.0000000 2.5000000 3.0000000 3.5000000 4.0000000 4.5000000 ,95.8354,11.168,0,0,0,0,0,0,0,0,6.744,1.9984,0,0,0,0,0,0,0,0,2.1467,0.6361,0,0,0,0,0,0,0,0,0.0481,0.0289,0,0,0,0,0,0,0,0,132,2,0,0,0,0,0,0,0,0,,,,,,
PL2,322.106,14.2367,22.625,28 39 2270 3602  0,112.0501,0,1.9423,0,6.1019,0,0.1733,0,112.0501,0,0.026,0,0,169,187,24,,,,,,,,,0,,,,,,,,,,,10,0.0000000 0.5000000 1.0000000 1.5000000 2.0000000 2.5000000 3.0000000 3.5000000 4.0000000 4.5000000 ,111.8593,0.1909,0,0,0,0,0,0,0,0,5.2767,0.0332,0,0,0,0,0,0,0,0,1.6796,0.0106,0,0,0,0,0,0,0,0,0.0245,0.0005,0,0,0,0,0,0,0,0,169,0,0,0,0,0,0,0,0,0,,,,,,
HO332,318.4978,14.097,22.5933,39 33 2259 3591  0,120.259,0,2.1381,0,6.717,0,0.1778,0,120.259,0,0.03,0,0,317,416,55,,,,,,,,,0,,,,,,,,,,,10,0.0000000 0.5000000 1.0000000 1.5000000 2.0000000 2.5000000 3.0000000 3.5000000 4.0000000 4.5000000 ,118.8451,1.4139,0,0,0,0,0,0,0,0,5.4668,0.2672,0,0,0,0,0,0,0,0,1.7401,0.085,0,0,0,0,0,0,0,0,0.0253,0.0041,0,0,0,0,0,0,0,0,317,0,0,0,0,0,0,0,0,0,,,,,,
PL3,314.4599,13.989,22.479,39 39 2242 3579  0,97.0272,0,2.3156,0,7.2745,0,0.2387,0,97.0272,0,0.043,0,0,163,94,7,,,,,,,,,0,,,,,,,,,,,10,0.0000000 0.5000000 1.0000000 1.5000000 2.0000000 2.5000000 3.0000000 3.5000000 4.0000000 4.5000000 ,94.0669,2.9603,0,0,0,0,0,0,0,0,6.2367,0.5172,0,0,0,0,0,0,0,0,1.9852,0.1646,0,0,0,0,0,0,0,0,0.0395,0.0073,0,0,0,0,0,0,0,0,163,0,0,0,0,0,0,0,0,0,,,,,,
HO324,316.8305,14.0271,22.5869,44 39 2253 3596  0,152.1194,0,3.8329,0,12.0415,0,0.252,0,152.1194,0,0.076,0,0,266,584,103,,,,,,,,,0,,,,,,,,,,,10,0.0000000 0.5000000 1.0000000 1.5000000 2.0000000 2.5000000 3.0000000 3.5000000 4.0000000 4.5000000 ,143.9382,7.9125,0.2687,0,0,0,0,0,0,0,8.8095,1.5024,0.0918,0,0,0,0,0,0,0,2.8042,0.4782,0.0292,0,0,0,0,0,0,0,0.0541,0.0234,0.0025,0,0,0,0,0,0,0,262,4,0,0,0,0,0,0,0,0,,,,,,
AV297,317.2213,14.0208,22.625,39 39 2247 3602  0,129.1509,0,3.6658,0,11.5165,0,0.2838,0,129.1509,0,0.082,0,0,284,340,31,,,,,,,,,0,,,,,,,,,,,10,0.0000000 0.5000000 1.0000000 1.5000000 2.0000000 2.5000000 3.0000000 3.5000000 4.0000000 4.5000000 ,119.1324,9.9725,0.046,0,0,0,0,0,0,0,8.2994,1.8462,0.0155,0,0,0,0,0,0,0,2.6418,0.5877,0.0049,0,0,0,0,0,0,0,0.0567,0.0278,0.0004,0,0,0,0,0,0,0,279,5,0,0,0,0,0,0,0,0,,,,,,
AV264B,314.4256,14.0271,22.4155,44 44 2253 3574  0,120.9264,0,3.2015,0,10.0578,0,0.2647,0,120.9264,0,0.067,0,0,175,192,18,,,,,,,,,0,,,,,,,,,,,10,0.0000000 0.5000000 1.0000000 1.5000000 2.0000000 2.5000000 3.0000000 3.5000000 4.0000000 4.5000000 ,115.1167,5.7198,0.0899,0,0,0,0,0,0,0,8.1009,1.0492,0.0294,0,0,0,0,0,0,0,2.5786,0.334,0.0094,0,0,0,0,0,0,0,0.0555,0.0157,0.0008,0,0,0,0,0,0,0,173,2,0,0,0,0,0,0,0,0,,,,,,
HO307,316.3852,14.0271,22.5552,44 44 2253 3596  0,122.2869,0,2.888,0,9.0729,0,0.2362,0,122.2869,0,0.054,0,0,275,345,38,,,,,,,,,0,,,,,,,,,,,10,0.0000000 0.5000000 1.0000000 1.5000000 2.0000000 2.5000000 3.0000000 3.5000000 4.0000000 4.5000000 ,115.8402,6.4467,0,0,0,0,0,0,0,0,6.7885,1.1816,0,0,0,0,0,0,0,0,2.1608,0.3761,0,0,0,0,0,0,0,0,0.0398,0.0177,0,0,0,0,0,0,0,0,272,3,0,0,0,0,0,0,0,0,,,,,,
AV290,319.3586,14.1351,22.5933,33 33 2259 3591  0,110.7446,0,2.6545,0,8.3392,0,0.2397,0,110.7446,0,0.05,0,0,170,165,25,,,,,,,,,0,,,,,,,,,,,10,0.0000000 0.5000000 1.0000000 1.5000000 2.0000000 2.5000000 3.0000000 3.5000000 4.0000000 4.5000000 ,106.8978,3.8151,0.0317,0,0,0,0,0,0,0,6.781,0.6887,0.0116,0,0,0,0,0,0,0,2.1585,0.2192,0.0037,0,0,0,0,0,0,0,0.0424,0.0101,0.0003,0,0,0,0,0,0,0,166,4,0,0,0,0,0,0,0,0,,,,,,
HO308,315.8507,14.0271,22.5171,33 39 2242 3585  0,123.7866,0,2.7943,0,8.7786,0,0.2257,0,123.7866,0,0.05,0,0,259,304,32,,,,,,,,,0,,,,,,,,,,,10,0.0000000 0.5000000 1.0000000 1.5000000 2.0000000 2.5000000 3.0000000 3.5000000 4.0000000 4.5000000 ,121.2324,2.5542,0,0,0,0,0,0,0,0,7.3161,0.4495,0,0,0,0,0,0,0,0,2.3288,0.1431,0,0,0,0,0,0,0,0,0.0429,0.0064,0,0,0,0,0,0,0,0,259,0,0,0,0,0,0,0,0,0,,,,,,
AV263A,317.2445,14.0652,22.5552,44 33 2259 3585  0,113.757,0,2.8515,0,8.9581,0,0.2507,0,113.757,0,0.056,0,0,253,225,8,,,,,,,,,0,,,,,,,,,,,10,0.0000000 0.5000000 1.0000000 1.5000000 2.0000000 2.5000000 3.0000000 3.5000000 4.0000000 4.5000000 ,104.9815,8.6554,0.12,0,0,0,0,0,0,0,6.2985,1.7418,0.0388,0,0,0,0,0,0,0,2.0049,0.5544,0.0123,0,0,0,0,0,0,0,0.0375,0.0288,0.001,0,0,0,0,0,0,0,251,1,1,0,0,0,0,0,0,0,,,,,,
AV288,315.5258,13.989,22.5552,44 39 2247 3591  0,93.9049,0,2.7667,0,8.6917,0,0.2946,0,93.9049,0,0.064,0,0,176,145,10,,,,,,,,,0,,,,,,,,,,,10,0.0000000 0.5000000 1.0000000 1.5000000 2.0000000 2.5000000 3.0000000 3.5000000 4.0000000 4.5000000 ,81.8369,10.5741,1.4939,0,0,0,0,0,0,0,5.1838,2.2685,0.5058,0,0,0,0,0,0,0,1.65,0.7221,0.161,0,0,0,0,0,0,0,0.0314,0.0404,0.0137,0,0,0,0,0,0,0,170,5,1,0,0,0,0,0,0,0,,,,,,
HO302,313.9503,13.9192,22.5552,39 33 2231 3585  0,124.2171,0,3.2853,0,10.3211,0,0.2645,0,124.2171,0,0.068,0,0,208,197,19,,,,,,,,,0,,,,,,,,,,,10,0.0000000 0.5000000 1.0000000 1.5000000 2.0000000 2.5000000 3.0000000 3.5000000 4.0000000 4.5000000 ,118.8784,5.3388,0,0,0,0,0,0,0,0,8.4927,0.9647,0,0,0,0,0,0,0,0,2.7033,0.3071,0,0,0,0,0,0,0,0,0.0555,0.0141,0,0,0,0,0,0,0,0,206,2,0,0,0,0,0,0,0,0,,,,,,
PL7,317.4236,14.097,22.5171,36 36 2256 3582  0,98.6986,0,1.9538,0,6.1381,0,0.198,0,98.6986,0,0.03,0,0,311,243,46,,,,,,,,,0,,,,,,,,,,,10,0.0000000 0.5000000 1.0000000 1.5000000 2.0000000 2.5000000 3.0000000 3.5000000 4.0000000 4.5000000 ,97.2485,1.4501,0,0,0,0,0,0,0,0,5.1404,0.2577,0,0,0,0,0,0,0,0,1.6362,0.082,0,0,0,0,0,0,0,0,0.0293,0.0037,0,0,0,0,0,0,0,0,311,0,0,0,0,0,0,0,0,0,,,,,,
PL37,323.246,14.2113,22.7457,24 24 2262 3606  0,135.386,0,3.3339,0,10.4738,0,0.2463,0,135.386,0,0.064,0,0,239,394,64,,,,,,,,,0,,,,,,,,,,,10,0.0000000 0.5000000 1.0000000 1.5000000 2.0000000 2.5000000 3.0000000 3.5000000 4.0000000 4.5000000 ,130.001,5.3851,0,0,0,0,0,0,0,0,8.3175,0.9926,0,0,0,0,0,0,0,0,2.6475,0.316,0,0,0,0,0,0,0,0,0.0525,0.0148,0,0,0,0,0,0,0,0,238,1,0,0,0,0,0,0,0,0,,,,,,
AV298,319.0348,14.097,22.6314,36 30 2256 3594  0,112.6142,0,3.7631,0,11.822,0,0.3342,0,112.6142,0,0.099,0,0,231,244,9,,,,,,,,,0,,,,,,,,,,,10,0.0000000 0.5000000 1.0000000 1.5000000 2.0000000 2.5000000 3.0000000 3.5000000 4.0000000 4.5000000 ,96.0474,16.3675,0.1993,0,0,0,0,0,0,0,7.5646,3.159,0.0667,0,0,0,0,0,0,0,2.4079,1.0055,0.0212,0,0,0,0,0,0,0,0.0565,0.0496,0.0018,0,0,0,0,0,0,0,223,8,0,0,0,0,0,0,0,0,,,,,,
HO310,320.7594,14.1732,22.6314,30 24 2262 3588  0,145.2318,0,4.8879,0,15.3558,0,0.3366,0,145.2318,0,0.129,0,0,308,493,69,,,,,,,,,0,,,,,,,,,,,10,0.0000000 0.5000000 1.0000000 1.5000000 2.0000000 2.5000000 3.0000000 3.5000000 4.0000000 4.5000000 ,123.4516,21.6311,0.1491,0,0,0,0,0,0,0,9.3371,4.1647,0.0519,0,0,0,0,0,0,0,2.9721,1.3257,0.0165,0,0,0,0,0,0,0,0.0684,0.0657,0.0015,0,0,0,0,0,0,0,299,9,0,0,0,0,0,0,0,0,,,,,,
HO337,318.82,14.1351,22.5552,33 33 2259 3585  0,120.675,0,3.2044,0,10.0668,0,0.2655,0,120.675,0,0.067,0,0,283,305,41,,,,,,,,,0,,,,,,,,,,,10,0.0000000 0.5000000 1.0000000 1.5000000 2.0000000 2.5000000 3.0000000 3.5000000 4.0000000 4.5000000 ,111.9056,8.7356,0.0338,0,0,0,0,0,0,0,7.2992,1.6806,0.0112,0,0,0,0,0,0,0,2.3234,0.535,0.0036,0,0,0,0,0,0,0,0.0476,0.0265,0.0003,0,0,0,0,0,0,0,280,3,0,0,0,0,0,0,0,0,,,,,,
HO318,320.3459,14.1351,22.6631,33 22 2259 3591  0,145.7873,0,3.7282,0,11.7125,0,0.2557,0,145.7873,0,0.075,0,0,352,456,48,,,,,,,,,0,,,,,,,,,,,10,0.0000000 0.5000000 1.0000000 1.5000000 2.0000000 2.5000000 3.0000000 3.5000000 4.0000000 4.5000000 ,136.1503,9.5714,0.0656,0,0,0,0,0,0,0,8.5775,1.8003,0.0232,0,0,0,0,0,0,0,2.7303,0.5731,0.0074,0,0,0,0,0,0,0,0.0542,0.0275,0.0007,0,0,0,0,0,0,0,349,3,0,0,0,0,0,0,0,0,,,,,,
HO340 A,316.976,14.097,22.4854,33 33 2253 3574  0,148.8758,0,4.2175,0,13.2497,0,0.2833,0,148.8758,0,0.094,0,0,336,501,91,,,,,,,,,0,,,,,,,,,,,10,0.0000000 0.5000000 1.0000000 1.5000000 2.0000000 2.5000000 3.0000000 3.5000000 4.0000000 4.5000000 ,139.361,9.4921,0.0227,0,0,0,0,0,0,0,9.9594,1.6822,0.0079,0,0,0,0,0,0,0,3.1702,0.5355,0.0025,0,0,0,0,0,0,0,0.0695,0.0242,0.0002,0,0,0,0,0,0,0,333,3,0,0,0,0,0,0,0,0,,,,,,
HO323,317.9607,14.097,22.5552,33 39 2253 3591  0,165.7229,0,4.0089,0,12.5944,0,0.2419,0,165.7229,0,0.076,0,0,313,586,108,,,,,,,,,0,,,,,,,,,,,10,0.0000000 0.5000000 1.0000000 1.5000000 2.0000000 2.5000000 3.0000000 3.5000000 4.0000000 4.5000000 ,157.7127,8.0102,0,0,0,0,0,0,0,0,9.4948,1.4473,0,0,0,0,0,0,0,0,3.0223,0.4607,0,0,0,0,0,0,0,0,0.0586,0.0212,0,0,0,0,0,0,0,0,312,1,0,0,0,0,0,0,0,0,,,,,,
HO316,310.9893,13.8112,22.5171,44 39 2219 3585  0,157.8218,0,3.5469,0,11.1429,0,0.2247,0,157.8218,0,0.063,0,0,538,555,75,,,,,,,,,0,,,,,,,,,,,10,0.0000000 0.5000000 1.0000000 1.5000000 2.0000000 2.5000000 3.0000000 3.5000000 4.0000000 4.5000000 ,148.1771,9.6288,0.0159,0,0,0,0,0,0,0,8.0004,1.779,0.0052,0,0,0,0,0,0,0,2.5466,0.5663,0.0017,0,0,0,0,0,0,0,0.0475,0.0267,0.0001,0,0,0,0,0,0,0,537,1,0,0,0,0,0,0,0,0,,,,,,
CA101,292.6855,13.3795,21.8758,95 202 2202 3647  0,54.1235,0,1.5952,0,5.0115,0,0.2947,0,0,0,0.037,0,0,95,33,1,,,,,,,,,0,,,,,,,,,,,10,0.0000000 0.5000000 1.0000000 1.5000000 2.0000000 2.5000000 3.0000000 3.5000000 4.0000000 4.5000000 ,49.9414,4.1821,0,0,0,0,0,0,0,0,3.797,0.7371,0,0,0,0,0,0,0,0,1.2086,0.2346,0,0,0,0,0,0,0,0,0.0271,0.0105,0,0,0,0,0,0,0,0,93,2,0,0,0,0,0,0,0,0,,,,,,
CA105,314.1213,14.1986,22.1234,28 112 2264 3596  0,102.307,0,1.9582,0,6.1519,0,0.1914,0,102.307,0,0.029,0,0,261,94,4,,,,,,,,,0,,,,,,,,,,,10,0.0000000 0.5000000 1.0000000 1.5000000 2.0000000 2.5000000 3.0000000 3.5000000 4.0000000 4.5000000 ,102.0094,0.2976,0,0,0,0,0,0,0,0,5.2991,0.0587,0,0,0,0,0,0,0,0,1.6868,0.0187,0,0,0,0,0,0,0,0,0.0258,0.001,0,0,0,0,0,0,0,0,260,1,0,0,0,0,0,0,0,0,,,,,,
ME406,,,,,,,,,,,,,,,,,,,,,,,,,,,,,,,,,,,,,,,,,,,,,,,,,,,,,,,,,,,,,,,,,,,,,,,,,,,,,,,,,,,,,,,,,,,,,,,,,
107,304.0233,14.1986,21.4122,11 95 2247 3467  0,140.3335,0,3.2602,0,10.2423,0,0.2323,0,140.3335,0,0.059,0,0,308,183,20,,,,,,,,,0,,,,,,,,,,,10,0.0000000 0.5000000 1.0000000 1.5000000 2.0000000 2.5000000 3.0000000 3.5000000 4.0000000 4.5000000 ,135.7655,4.3554,0.2126,0,0,0,0,0,0,0,8.0113,0.8328,0.0753,0,0,0,0,0,0,0,2.5501,0.2651,0.024,0,0,0,0,0,0,0,0.0474,0.0131,0.0021,0,0,0,0,0,0,0,304,2,2,0,0,0,0,0,0,0,,,,,,
369,318.889,14.2748,22.3393,16 95 2264 3613  0,121.4454,0,4.1377,0,12.9991,0,0.3407,0,121.4454,0,0.111,0,0,423,158,9,,,,,,,,,0,,,,,,,,,,,10,0.0000000 0.5000000 1.0000000 1.5000000 2.0000000 2.5000000 3.0000000 3.5000000 4.0000000 4.5000000 ,95.5796,24.6217,1.2442,0,0,0,0,0,0,0,6.4459,5.1163,0.446,0,0,0,0,0,0,0,2.0518,1.6286,0.142,0,0,0,0,0,0,0,0.0459,0.0869,0.0128,0,0,0,0,0,0,0,415,8,0,0,0,0,0,0,0,0,,,,,,
415,303.5702,13.7414,22.0916,67 123 2231 3602  0,140.0098,0,5.0602,0,15.8972,0,0.3614,0,140.0098,0,0.144,0,0,394,170,11,,,,,,,,,0,,,,,,,,,,,10,0.0000000 0.5000000 1.0000000 1.5000000 2.0000000 2.5000000 3.0000000 3.5000000 4.0000000 4.5000000 ,107.5548,26.4009,3.2633,2.6516,0.0973,0.0418,0,0,0,0,6.7701,5.1076,1.2908,1.417,0.0635,0.0389,0,0,0,0,2.155,1.6258,0.4109,0.451,0.0202,0.0124,0,0,0,0,0.0434,0.0804,0.0412,0.061,0.0033,0.0029,0,0,0,0,382,10,2,0,0,0,0,0,0,0,,,,,,
117,299.8373,13.843,21.6598,22 95 2202 3506  0,154.4267,0,3.5811,0,11.2502,0,0.2319,0,154.4267,0,0.065,0,0,394,139,14,,,,,,,,,0,,,,,,,,,,,10,0.0000000 0.5000000 1.0000000 1.5000000 2.0000000 2.5000000 3.0000000 3.5000000 4.0000000 4.5000000 ,148.1332,5.6342,0.607,0.0523,0,0,0,0,0,0,8.3842,1.259,0.2139,0.0272,0,0,0,0,0,0,2.6688,0.4008,0.0681,0.0087,0,0,0,0,0,0,0.0472,0.0233,0.0061,0.0011,0,0,0,0,0,0,388,5,1,0,0,0,0,0,0,0,,,,,,
366,302.0181,13.9192,21.6979,50 101 2242 3518  0,160.4514,0,6.6329,0,20.838,0,0.4134,0,160.4514,0,0.215,0,0,918,313,20,,,,,,,,,0,,,,,,,,,,,10,0.0000000 0.5000000 1.0000000 1.5000000 2.0000000 2.5000000 3.0000000 3.5000000 4.0000000 4.5000000 ,106.4925,40.715,11.8506,1.1425,0.2509,0,0,0,0,0,5.2191,9.0277,4.3796,0.5908,0.1695,0,0,0,0,0,1.6613,2.8736,1.3941,0.1881,0.054,0,0,0,0,0,0.0322,0.1665,0.1302,0.0244,0.0091,0,0,0,0,0,899,13,4,2,0,0,0,0,0,0,,,,,,
CA97,253.7385,13.7033,18.5166,50 646 2208 3562  0,54.6181,0,2.0516,0,6.4454,0,0.3756,0,54.6181,0,0.061,0,0,188,118,2,,,,,,,,,0,,,,,,,,,,,10,0.0000000 0.5000000 1.0000000 1.5000000 2.0000000 2.5000000 3.0000000 3.5000000 4.0000000 4.5000000 ,47.8577,3.8561,1.0042,1.502,0.1596,0.2384,0,0,0,0,3.1122,0.8451,0.3983,0.8281,0.1132,0.2085,0,0,0,0,0.9906,0.269,0.1268,0.2636,0.036,0.0664,0,0,0,0,0.0203,0.0155,0.0128,0.0367,0.0064,0.0145,0,0,0,0,182,5,1,0,0,0,0,0,0,0,,,,,,
371,300.3647,13.843,21.6979,39 129 2219 3546  0,152.3144,0,4.8784,0,15.3259,0,0.3203,0,152.3144,0,0.123,0,0,769,214,13,,,,,,,,,0,,,,,,,,,,,10,0.0000000 0.5000000 1.0000000 1.5000000 2.0000000 2.5000000 3.0000000 3.5000000 4.0000000 4.5000000 ,119.9658,27.9258,4.4228,0,0,0,0,0,0,0,6.8518,5.6616,1.5735,0,0,0,0,0,0,0,2.181,1.8022,0.5009,0,0,0,0,0,0,0,0.0464,0.0954,0.0449,0,0,0,0,0,0,0,759,8,2,0,0,0,0,0,0,0,,,,,,
378,319.2688,14.1351,22.5869,50 95 2276 3652  0,157.2227,0,4.6767,0,14.6923,0,0.2975,0,157.2227,0,0.109,0,0,718,303,14,,,,,,,,,0,,,,,,,,,,,10,0.0000000 0.5000000 1.0000000 1.5000000 2.0000000 2.5000000 3.0000000 3.5000000 4.0000000 4.5000000 ,136.4899,14.4662,6.228,0.0386,0,0,0,0,0,0,7.9043,2.8777,2.3444,0.0183,0,0,0,0,0,0,2.516,0.916,0.7463,0.0058,0,0,0,0,0,0,0.0492,0.0474,0.0707,0.0007,0,0,0,0,0,0,710,8,0,0,0,0,0,0,0,0,,,,,,
413,302.3475,13.7731,21.952,56 134 2225 3591  0,151.2387,0,5.7971,0,18.2122,0,0.3833,0,151.2387,0,0.175,0,0,504,255,18,,,,,,,,,0,,,,,,,,,,,10,0.0000000 0.5000000 1.0000000 1.5000000 2.0000000 2.5000000 3.0000000 3.5000000 4.0000000 4.5000000 ,114.973,32.6904,2.0125,0.111,0.3201,0.5958,0.5359,0,0,0,7.9181,6.9037,0.7438,0.0552,0.2064,0.5285,0.5449,0,0,0,2.5204,2.1975,0.2368,0.0176,0.0657,0.1682,0.1734,0,0,0,0.0569,0.1201,0.0221,0.0022,0.0106,0.0373,0.0441,0,0,0,491,10,0,1,0,0,2,0,0,0,,,,,,
414,308.276,13.843,22.2694,84 106 2264 3613  0,170.8971,0,5.3515,0,16.8123,0,0.3131,0,170.8971,0,0.132,0,0,611,329,29,,,,,,,,,0,,,,,,,,,,,10,0.0000000 0.5000000 1.0000000 1.5000000 2.0000000 2.5000000 3.0000000 3.5000000 4.0000000 4.5000000 ,143.523,23.5269,3.4312,0.416,0,0,0,0,0,0,8.7274,5.0129,1.2068,0.2269,0,0,0,0,0,0,2.778,1.5956,0.3841,0.0722,0,0,0,0,0,0,0.0546,0.0885,0.0341,0.0099,0,0,0,0,0,0,606,5,0,0,0,0,0,0,0,0,,,,,,
81,307.549,14.0589,21.8758,50 123 2264 3568  0,164.6503,0,3.1071,0,9.7614,0,0.1887,0,164.6503,0,0.046,0,0,531,171,19,,,,,,,,,0,,,,,,,,,,,10,0.0000000 0.5000000 1.0000000 1.5000000 2.0000000 2.5000000 3.0000000 3.5000000 4.0000000 4.5000000 ,162.8598,1.7905,0,0,0,0,0,0,0,0,8.0737,0.3237,0,0,0,0,0,0,0,0,2.57,0.103,0,0,0,0,0,0,0,0,0.04,0.0048,0,0,0,0,0,0,0,0,530,1,0,0,0,0,0,0,0,0,,,,,,
CA91,313.5303,14.0589,22.3012,67 118 2281 3630  0,140.1257,0,3.5351,0,11.106,0,0.2523,0,140.1257,0,0.07,0,0,404,198,18,,,,,,,,,0,,,,,,,,,,,10,0.0000000 0.5000000 1.0000000 1.5000000 2.0000000 2.5000000 3.0000000 3.5000000 4.0000000 4.5000000 ,133.7298,2.9882,2.4887,0.919,0,0,0,0,0,0,7.6052,0.6123,0.9347,0.4993,0,0,0,0,0,0,2.4208,0.1949,0.2975,0.1589,0,0,0,0,0,0,0.0435,0.0106,0.0283,0.0217,0,0,0,0,0,0,397,2,5,0,0,0,0,0,0,0,,,,,,
118,305.0233,13.9192,21.9139,78 123 2270 3574  0,132.9061,0,3.0719,0,9.6508,0,0.2311,0,132.9061,0,0.056,0,0,310,108,6,,,,,,,,,0,,,,,,,,,,,10,0.0000000 0.5000000 1.0000000 1.5000000 2.0000000 2.5000000 3.0000000 3.5000000 4.0000000 4.5000000 ,128.9291,3.8791,0.0978,0,0,0,0,0,0,0,7.6986,0.7866,0.0337,0,0,0,0,0,0,0,2.4505,0.2504,0.0107,0,0,0,0,0,0,0,0.0465,0.0133,0.0009,0,0,0,0,0,0,0,309,1,0,0,0,0,0,0,0,0,,,,,,
370,315.488,14.1669,22.2694,33 123 2264 3630  0,137.2499,0,4.7024,0,14.7731,0,0.3426,0,137.2499,0,0.127,0,0,479,204,8,,,,,,,,,0,,,,,,,,,,,10,0.0000000 0.5000000 1.0000000 1.5000000 2.0000000 2.5000000 3.0000000 3.5000000 4.0000000 4.5000000 ,111.9623,23.1134,2.0574,0.1169,0,0,0,0,0,0,7.9554,4.8949,0.7701,0.0586,0,0,0,0,0,0,2.5323,1.5581,0.2451,0.0187,0,0,0,0,0,0,0.0588,0.0862,0.0231,0.0023,0,0,0,0,0,0,470,7,2,0,0,0,0,0,0,0,,,,,,
CA63,306.6042,13.8112,22.1996,61 106 2236 3602  0,137.0049,0,3.2278,0,10.1406,0,0.2356,0,137.0049,0,0.06,0,0,412,138,11,,,,,,,,,0,,,,,,,,,,,10,0.0000000 0.5000000 1.0000000 1.5000000 2.0000000 2.5000000 3.0000000 3.5000000 4.0000000 4.5000000 ,131.1641,5.8133,0.0275,0,0,0,0,0,0,0,7.8661,1.0693,0.0092,0,0,0,0,0,0,0,2.5038,0.3404,0.0029,0,0,0,0,0,0,0,0.048,0.016,0.0002,0,0,0,0,0,0,0,409,3,0,0,0,0,0,0,0,0,,,,,,
CA96,239.9225,11.9189,20.1295,146 252 2023 3422  0,35.0293,0,1.6934,0,5.3199,0,0.4834,0,35.0293,0,0.064,0,0,200,129,7,,,,,,,,,0,,,,,,,,,,,10,0.0000000 0.5000000 1.0000000 1.5000000 2.0000000 2.5000000 3.0000000 3.5000000 4.0000000 4.5000000 ,23.9959,7.5972,1.5946,1.6693,0.1634,0.009,0,0,0,0,1.4148,1.6434,0.5998,0.9397,0.1082,0.0072,0,0,0,0,0.4503,0.5231,0.1909,0.2991,0.0345,0.0023,0,0,0,0,0.0089,0.0293,0.018,0.0423,0.0057,0.0005,0,0,0,0,190,10,0,0,0,0,0,0,0,0,,,,,,
CA112,301.8803,13.9128,21.6979,28 129 2219 3546  0,96.9317,0,2.4194,0,7.6008,0,0.2496,0,96.9317,0,0.047,0,0,210,92,2,,,,,,,,,0,,,,,,,,,,,10,0.0000000 0.5000000 1.0000000 1.5000000 2.0000000 2.5000000 3.0000000 3.5000000 4.0000000 4.5000000 ,93.5019,3.4298,0,0,0,0,0,0,0,0,6.0796,0.5926,0,0,0,0,0,0,0,0,1.9352,0.1886,0,0,0,0,0,0,0,0,0.0391,0.0082,0,0,0,0,0,0,0,0,204,6,0,0,0,0,0,0,0,0,,,,,,
CA116,306.402,14.1669,21.6281,22 134 2253 3540  0,120.5077,0,2.4932,0,7.8326,0,0.2069,0,120.5077,0,0.041,0,0,290,104,7,,,,,,,,,0,,,,,,,,,,,10,0.0000000 0.5000000 1.0000000 1.5000000 2.0000000 2.5000000 3.0000000 3.5000000 4.0000000 4.5000000 ,118.4414,2.0663,0,0,0,0,0,0,0,0,6.4284,0.3636,0,0,0,0,0,0,0,0,2.0462,0.1157,0,0,0,0,0,0,0,0,0.0349,0.0052,0,0,0,0,0,0,0,0,284,6,0,0,0,0,0,0,0,0,,,,,,
374,296.3128,13.7731,21.5138,39 146 2208 3534  0,128.5834,0,6.1129,0,19.2041,0,0.4754,0,128.5834,0,0.228,0,0,643,312,20,,,,,,,,,0,,,,,,,,,,,10,0.0000000 0.5000000 1.0000000 1.5000000 2.0000000 2.5000000 3.0000000 3.5000000 4.0000000 4.5000000 ,93.2296,18.6957,10.583,3.268,0.432,1.1842,0.8355,0.3553,0,0,5.7966,3.6846,4.1266,1.7289,0.2989,1.0502,0.8616,0.4051,0,0,1.8451,1.1729,1.3136,0.5503,0.0951,0.3343,0.2742,0.129,0,0,0.0391,0.0594,0.1296,0.0732,0.0165,0.0742,0.0708,0.0368,0,0,634,5,2,0,0,1,0,1,0,0,,,,,,
ME380,303.9532,13.735,22.1297,73 134 2236 3619  0,128.5376,0,4.0055,0,12.5835,0,0.3116,0,128.5376,0,0.098,0,0,509,174,8,,,,,,,,,0,,,,,,,,,,,10,0.0000000 0.5000000 1.0000000 1.5000000 2.0000000 2.5000000 3.0000000 3.5000000 4.0000000 4.5000000 ,101.0723,27.3986,0.0666,0,0,0,0,0,0,0,6.1988,5.3315,0.0228,0,0,0,0,0,0,0,1.9731,1.6971,0.0072,0,0,0,0,0,0,0,0.0401,0.0843,0.0006,0,0,0,0,0,0,0,503,6,0,0,0,0,0,0,0,0,,,,,,
ME403,294.8191,13.5636,21.736,95 168 2231 3591  0,136.3577,0,3.9961,0,12.5542,0,0.2931,0,136.3577,0,0.092,0,0,577,255,11,,,,,,,,,0,,,,,,,,,,,10,0.0000000 0.5000000 1.0000000 1.5000000 2.0000000 2.5000000 3.0000000 3.5000000 4.0000000 4.5000000 ,112.657,23.393,0.3077,0,0,0,0,0,0,0,6.5587,4.6312,0.1011,0,0,0,0,0,0,0,2.0877,1.4742,0.0322,0,0,0,0,0,0,0,0.0429,0.075,0.0026,0,0,0,0,0,0,0,567,10,0,0,0,0,0,0,0,0,,,,,,
ME411,302.6017,13.8811,21.7996,16 101 2202 3534  0,107.2915,0,4.1287,0,12.9708,0,0.3848,0,107.2915,0,0.125,0,0,202,80,4,,,,,,,,,0,,,,,,,,,,,10,0.0000000 0.5000000 1.0000000 1.5000000 2.0000000 2.5000000 3.0000000 3.5000000 4.0000000 4.5000000 ,84.3684,21.6331,1.0199,0.0965,0.1735,0,0,0,0,0,6.6643,4.9362,0.355,0.0472,0.1213,0,0,0,0,0,2.1213,1.5713,0.113,0.015,0.0386,0,0,0,0,0,0.0506,0.0932,0.0099,0.0018,0.0068,0,0,0,0,0,190,11,0,0,1,0,0,0,0,0,,,,,,
ME412,300.9006,13.735,21.9075,11 146 2174 3596  0,128.6022,0,5.4419,0,17.0962,0,0.4232,0,128.6022,0,0.181,0,0,396,234,17,,,,,,,,,0,,,,,,,,,,,10,0.0000000 0.5000000 1.0000000 1.5000000 2.0000000 2.5000000 3.0000000 3.5000000 4.0000000 4.5000000 ,81.293,41.3766,5.8405,0.092,0,0,0,0,0,0,5.0252,8.7144,2.0686,0.0438,0,0,0,0,0,0,1.5996,2.7739,0.6585,0.014,0,0,0,0,0,0,0.0345,0.1513,0.0588,0.0017,0,0,0,0,0,0,389,6,1,0,0,0,0,0,0,0,,,,,,
CA76,317.6371,14.2431,22.3012,16 129 2259 3641  0,125.9505,0,2.9814,0,9.3665,0,0.2367,0,125.9505,0,0.055,0,0,257,86,6,,,,,,,,,0,,,,,,,,,,,10,0.0000000 0.5000000 1.0000000 1.5000000 2.0000000 2.5000000 3.0000000 3.5000000 4.0000000 4.5000000 ,124.4813,1.4623,0.0069,0,0,0,0,0,0,0,8.0341,0.2652,0.0022,0,0,0,0,0,0,0,2.5573,0.0844,0.0007,0,0,0,0,0,0,0,0.0493,0.004,0.0001,0,0,0,0,0,0,0,254,3,0,0,0,0,0,0,0,0,,,,,,
CA110,305.9277,13.6364,22.4346,137 274 6654 10872  0,70.3764,69.9943,2.9727,2.9654,9.3389,9.3162,0.4224,0.4237,70.3764,69.9943,0.099,0,0,162,268,4,,,,,,,,,0,,,,,,,,,,,10,0.0000000 0.5000000 1.0000000 1.5000000 2.0000000 2.5000000 3.0000000 3.5000000 4.0000000 4.5000000 ,59.2907,6.2794,1.853,1.1891,1.3207,0.3676,0,0.0612,0.0137,0,4.226,1.4054,0.7146,0.6748,0.8813,0.3034,0,0.0822,0.019,0,1.3452,0.4474,0.2275,0.2148,0.2805,0.0966,0,0.0262,0.006,0,0.0294,0.0262,0.0223,0.0305,0.047,0.0199,0,0.0086,0.0021,0,154,4,4,0,0,0,0,0,0,0,,,,,,
CA66,314.0157,13.989,22.4473,33 16 2236 3551  0,147.6506,0,3.4606,0,10.8717,0,0.2344,0,147.6506,0,0.064,0,0,282,164,10,,,,,,,,,0,,,,,,,,,,,10,0.0000000 0.5000000 1.0000000 1.5000000 2.0000000 2.5000000 3.0000000 3.5000000 4.0000000 4.5000000 ,144.3688,3.0809,0.2009,0,0,0,0,0,0,0,8.8664,0.6081,0.0731,0,0,0,0,0,0,0,2.8223,0.1936,0.0233,0,0,0,0,0,0,0,0.053,0.0099,0.0022,0,0,0,0,0,0,0,278,4,0,0,0,0,0,0,0,0,,,,,,
CA78,310.7418,14.1351,21.9837,61 39 2287 3501  0,222.5369,0,6.3739,0,20.0243,0,0.2864,0,222.5369,0,0.143,0,0,584,532,101,,,,,,,,,0,,,,,,,,,,,10,0.0000000 0.5000000 1.0000000 1.5000000 2.0000000 2.5000000 3.0000000 3.5000000 4.0000000 4.5000000 ,205.4481,12.5953,1.9751,1.74,0.6578,0.1205,0,0,0,0,12.8822,2.4225,0.7056,0.9976,0.4482,0.0974,0,0,0,0,4.1005,0.7711,0.2246,0.3175,0.1427,0.031,0,0,0,0,0.0842,0.0383,0.0203,0.0457,0.0244,0.0063,0,0,0,0,581,0,2,0,1,0,0,0,0,0,,,,,,
ME389,311.2857,14.0907,22.0916,28 33 2247 3512  0,131.9302,0,2.7024,0,8.49,0,0.2048,0,131.9302,0,0.043,0,0,719,428,52,,,,,,,,,0,,,,,,,,,,,10,0.0000000 0.5000000 1.0000000 1.5000000 2.0000000 2.5000000 3.0000000 3.5000000 4.0000000 4.5000000 ,127.597,2.2359,1.9443,0.1144,0.0386,0,0,0,0,0,5.9699,0.4625,0.7735,0.0613,0.0247,0,0,0,0,0,1.9003,0.1472,0.2462,0.0195,0.0079,0,0,0,0,0,0.0296,0.008,0.0247,0.0026,0.0013,0,0,0,0,0,718,1,0,0,0,0,0,0,0,0,,,,,,
ME401,288.608,13.2778,21.736,89 123 2180 3546  0,51.0104,0,2.2251,0,6.9902,0,0.4362,0,51.0104,0,0.076,0,0,161,86,5,,,,,,,,,0,,,,,,,,,,,10,0.0000000 0.5000000 1.0000000 1.5000000 2.0000000 2.5000000 3.0000000 3.5000000 4.0000000 4.5000000 ,37.8518,8.3953,2.6024,1.8769,0.2839,0,0,0,0,0,2.7523,1.5566,1.0064,0.9967,0.196,0,0,0,0,0,0.8761,0.4955,0.3203,0.3172,0.0624,0,0,0,0,0,0.0203,0.0236,0.0312,0.0423,0.0108,0,0,0,0,0,157,3,1,0,0,0,0,0,0,0,,,,,,
CA79,303.2187,13.8811,21.844,39 44 2225 3484  0,180.8174,0,5.4136,0,17.0074,0,0.2994,0,180.8174,0,0.127,0,0,513,402,43,,,,,,,,,0,,,,,,,,,,,10,0.0000000 0.5000000 1.0000000 1.5000000 2.0000000 2.5000000 3.0000000 3.5000000 4.0000000 4.5000000 ,165.2131,11.4053,1.4663,0.3311,1.7149,0.2476,0.1996,0.0545,0.1402,0.0449,9.9331,2.3634,0.575,0.1782,1.2373,0.2281,0.1878,0.0615,0.1824,0.0717,3.1618,0.7523,0.183,0.0567,0.3938,0.0726,0.0598,0.0196,0.058,0.0228,0.0592,0.0406,0.0182,0.0077,0.0713,0.0167,0.014,0.0055,0.0189,0.0091,508,4,0,0,1,0,0,0,0,0,,,,,,
CA102,315.5258,13.989,22.5552,56 50 2259 3602  0,102.2711,0,3.0016,0,9.4298,0,0.2935,0,102.2711,0,0.069,0,0,283,251,18,,,,,,,,,0,,,,,,,,,,,10,0.0000000 0.5000000 1.0000000 1.5000000 2.0000000 2.5000000 3.0000000 3.5000000 4.0000000 4.5000000 ,93.0548,5.0496,0.6998,3.1321,0.1721,0.1627,0,0,0,0,4.9431,1.0706,0.2873,1.6493,0.1087,0.1362,0,0,0,0,1.5734,0.3408,0.0915,0.525,0.0346,0.0433,0,0,0,0,0.0255,0.0189,0.0095,0.0695,0.0054,0.0091,0,0,0,0,279,3,0,1,0,0,0,0,0,0,,,,,,
CA104,312.5483,14.0589,22.2313,11 50 2225 3551  0,102.4712,0,3.7471,0,11.772,0,0.3657,0,102.4712,0,0.108,0,0,232,134,14,,,,,,,,,0,,,,,,,,,,,10,0.0000000 0.5000000 1.0000000 1.5000000 2.0000000 2.5000000 3.0000000 3.5000000 4.0000000 4.5000000 ,87.4067,5.2593,7.3472,2.3898,0.0682,0,0,0,0,0,5.4695,1.1803,2.7185,1.2606,0.0481,0,0,0,0,0,1.741,0.3757,0.8653,0.4013,0.0153,0,0,0,0,0,0.0337,0.0222,0.0811,0.0533,0.0027,0,0,0,0,0,219,10,2,1,0,0,0,0,0,0,,,,,,
CA99,315.4529,13.9192,22.6631,50 61 2242 3630  0,83.0834,0,2.4985,0,7.8493,0,0.3007,0,83.0834,0,0.059,0,0,183,130,13,,,,,,,,,0,,,,,,,,,,,10,0.0000000 0.5000000 1.0000000 1.5000000 2.0000000 2.5000000 3.0000000 3.5000000 4.0000000 4.5000000 ,74.2445,5.0177,2.3626,1.3904,0.0682,0,0,0,0,0,4.2691,1.0737,0.8826,0.7551,0.0445,0,0,0,0,0,1.3589,0.3418,0.2809,0.2404,0.0142,0,0,0,0,0,0.0249,0.0191,0.0267,0.0329,0.0023,0,0,0,0,0,179,2,1,1,0,0,0,0,0,0,,,,,,
ME393,312.1274,14.1288,22.0916,39 22 2264 3501  0,94.9818,0,4.9069,0,15.4154,0,0.5166,0,94.9818,0,0.199,0,0,216,193,15,,,,,,,,,0,,,,,,,,,,,10,0.0000000 0.5000000 1.0000000 1.5000000 2.0000000 2.5000000 3.0000000 3.5000000 4.0000000 4.5000000 ,55.0642,33.6661,3.3001,0.9864,1.8926,0.0724,0,0,0,0,4.243,7.2687,1.1922,0.5781,1.2809,0.0643,0,0,0,0,1.3506,2.3137,0.3795,0.184,0.4077,0.0205,0,0,0,0,0.0346,0.1299,0.0346,0.0271,0.0695,0.0045,0,0,0,0,192,18,5,1,0,0,0,0,0,0,,,,,,
AV292,299.4571,13.6652,21.9139,95 168 2247 3619  0,144.3027,0,4.8221,0,15.1491,0,0.3342,0,144.3027,0,0.127,0,0,428,467,39,,,,,,,,,0,,,,,,,,,,,10,0.0000000 0.5000000 1.0000000 1.5000000 2.0000000 2.5000000 3.0000000 3.5000000 4.0000000 4.5000000 ,118.3585,24.4775,0.4351,0.89,0.1417,0,0,0,0,0,8.3575,4.6575,0.1636,0.5161,0.0928,0,0,0,0,0,2.6603,1.4825,0.0521,0.1643,0.0295,0,0,0,0,0,0.0633,0.0724,0.005,0.0239,0.0048,0,0,0,0,0,421,7,0,0,0,0,0,0,0,0,,,,,,
AV291,312.7697,14.0208,22.3075,39 44 2247 3557  0,123.7716,0,5.2374,0,16.4537,0,0.4231,0,123.7716,0,0.174,0,0,397,374,25,,,,,,,,,0,,,,,,,,,,,10,0.0000000 0.5000000 1.0000000 1.5000000 2.0000000 2.5000000 3.0000000 3.5000000 4.0000000 4.5000000 ,97.0134,22.0543,2.8352,0.4009,0.3087,0,0.4911,0,0.193,0.475,7.0233,4.7757,1.0371,0.2108,0.2188,0,0.5053,0,0.2624,0.8239,2.2356,1.5202,0.3301,0.0671,0.0697,0,0.1608,0,0.0835,0.2622,0.0524,0.0858,0.0306,0.0089,0.0124,0,0.0414,0,0.0284,0.1146,389,5,2,1,0,0,0,0,0,0,,,,,,
AV265,321.3732,14.0271,22.9108,16 11 2225 3619  0,126.4398,0,5.1546,0,16.1936,0,0.4077,0,126.4398,0,0.165,0,0,353,320,21,,,,,,,,,0,,,,,,,,,,,10,0.0000000 0.5000000 1.0000000 1.5000000 2.0000000 2.5000000 3.0000000 3.5000000 4.0000000 4.5000000 ,88.2606,34.4553,3.4721,0.2518,0,0,0,0,0,0,5.8833,7.5086,1.2976,0.1231,0,0,0,0,0,0,1.8727,2.3901,0.413,0.0392,0,0,0,0,0,0,0.0417,0.1354,0.0391,0.0048,0,0,0,0,0,0,349,3,1,0,0,0,0,0,0,0,,,,,,
AV289,311.3244,13.7795,22.5933,106 33 2276 3591  0,144.5866,0,4.0989,0,12.877,0,0.2835,0,144.5866,0,0.091,0,0,581,310,17,,,,,,,,,0,,,,,,,,,,,10,0.0000000 0.5000000 1.0000000 1.5000000 2.0000000 2.5000000 3.0000000 3.5000000 4.0000000 4.5000000 ,136.5401,6.3138,0.8631,0,0.4559,0.4136,0,0,0,0,9.3571,1.1129,0.3457,0,0.3166,0.3393,0,0,0,0,2.9785,0.3543,0.1101,0,0.1008,0.108,0,0,0,0,0.0647,0.0158,0.0113,0,0.0175,0.0222,0,0,0,0,575,5,1,0,0,0,0,0,0,0,,,,,,
AV260,314.7809,14.1351,22.2694,33 44 2259 3551  0,129.4304,0,5.6558,0,17.7683,0,0.437,0,129.4304,0,0.194,0,0,314,376,22,,,,,,,,,0,,,,,,,,,,,10,0.0000000 0.5000000 1.0000000 1.5000000 2.0000000 2.5000000 3.0000000 3.5000000 4.0000000 4.5000000 ,83.1568,42.2609,4.0128,0,0,0,0,0,0,0,5.5137,9.4216,1.4053,0,0,0,0,0,0,0,1.7551,2.999,0.4473,0,0,0,0,0,0,0,0.0362,0.1724,0.0394,0,0,0,0,0,0,0,299,14,1,0,0,0,0,0,0,0,,,,,,
PL33,313.8071,13.9128,22.5552,56 50 2247 3602  0,142.0107,0,4.8597,0,15.2672,0,0.3422,0,142.0107,0,0.131,0,0,490,378,33,,,,,,,,,0,,,,,,,,,,,10,0.0000000 0.5000000 1.0000000 1.5000000 2.0000000 2.5000000 3.0000000 3.5000000 4.0000000 4.5000000 ,126.5472,8.1059,4.1073,0.9949,0.6794,0.0296,1.2775,0.2533,0,0.0155,7.3701,1.5969,1.585,0.529,0.4897,0.0234,1.3086,0.2908,0,0.1466,2.346,0.5083,0.5045,0.1684,0.1559,0.0074,0.4165,0.0926,0,0.0467,0.045,0.026,0.0495,0.0225,0.0282,0.0015,0.1071,0.0266,0,0.021,487,3,0,0,0,0,0,0,0,0,,,,,,
AV256,318.1786,14.1986,22.4092,56 22 2292 3551  0,123.4664,0,5.7805,0,18.1601,0,0.4682,0,123.4664,0,0.213,0,0,235,278,8,,,,,,,,,0,,,,,,,,,,,10,0.0000000 0.5000000 1.0000000 1.5000000 2.0000000 2.5000000 3.0000000 3.5000000 4.0000000 4.5000000 ,74.0456,44.1293,5.2847,0.0069,0,0,0,0,0,0,5.0138,9.9525,1.8364,0.0033,0,0,0,0,0,0,1.5959,3.168,0.5846,0.001,0,0,0,0,0,0,0.0341,0.1849,0.0512,0.0001,0,0,0,0,0,0,225,9,1,0,0,0,0,0,0,0,,,,,,
AV299,320.5257,14.1669,22.625,33 33 2264 3596  0,134.7362,0,6.1339,0,19.2702,0,0.4553,0,134.7362,0,0.219,0,0,306,295,17,,,,,,,,,0,,,,,,,,,,,10,0.0000000 0.5000000 1.0000000 1.5000000 2.0000000 2.5000000 3.0000000 3.5000000 4.0000000 4.5000000 ,88.6229,41.4252,3.2896,1.3356,0.0629,0,0,0,0,0,7.0763,8.5618,1.1914,0.6911,0.0477,0,0,0,0,0,2.2524,2.7253,0.3792,0.22,0.0152,0,0,0,0,0,0.0543,0.1458,0.0349,0.0285,0.0029,0,0,0,0,0,301,4,1,0,0,0,0,0,0,0,,,,,,
AV263B,316.5011,14.2367,22.2313,28 33 2270 3534  0,132.9823,0,4.2378,0,13.3135,0,0.3187,0,132.9823,0,0.106,0,0,675,452,21,,,,,,,,,0,,,,,,,,,,,10,0.0000000 0.5000000 1.0000000 1.5000000 2.0000000 2.5000000 3.0000000 3.5000000 4.0000000 4.5000000 ,123.7965,8.0951,0.1533,0.1429,0.0994,0.0814,0.0414,0.0919,0.2844,0.1958,8.7755,1.5777,0.0572,0.0823,0.0655,0.0733,0.0416,0.1141,0.3936,0.4171,2.7933,0.5022,0.0182,0.0262,0.0208,0.0233,0.0133,0.0363,0.1253,0.1328,0.0623,0.0256,0.0017,0.0038,0.0034,0.0053,0.0033,0.0113,0.0434,0.0688,668,4,1,2,0,0,0,0,0,0,,,,,,
AV259,316.3068,14.1351,22.3774,33 50 2259 3574  0,120.389,0,4.58,0,14.3884,0,0.3804,0,120.389,0,0.137,0,0,398,375,30,,,,,,,,,0,,,,,,,,,,,10,0.0000000 0.5000000 1.0000000 1.5000000 2.0000000 2.5000000 3.0000000 3.5000000 4.0000000 4.5000000 ,85.3485,34.56,0.4805,0,0,0,0,0,0,0,5.9191,7.0147,0.1654,0,0,0,0,0,0,0,1.8841,2.2328,0.0527,0,0,0,0,0,0,0,0.0434,0.1169,0.0046,0,0,0,0,0,0,0,384,13,1,0,0,0,0,0,0,0,,,,,,
HO306,316.049,14.2367,22.1996,22 22 2264 3518  0,139.9907,0,3.8852,0,12.2058,0,0.2775,0,139.9907,0,0.085,0,0,336,515,39,,,,,,,,,0,,,,,,,,,,,10,0.0000000 0.5000000 1.0000000 1.5000000 2.0000000 2.5000000 3.0000000 3.5000000 4.0000000 4.5000000 ,136.118,3.8727,0,0,0,0,0,0,0,0,10.2022,0.6743,0,0,0,0,0,0,0,0,3.2475,0.2146,0,0,0,0,0,0,0,0,0.0766,0.0095,0,0,0,0,0,0,0,0,334,2,0,0,0,0,0,0,0,0,,,,,,
PL15,320.5966,13.8854,23.0887,120 137 6756 11044  0,107.4306,106.9539,3.3899,3.3875,10.6496,10.6422,0.3155,0.3167,107.4306,106.9539,0.084,0,0,415,444,22,,,,,,,,,0,,,,,,,,,,,10,0.0000000 0.5000000 1.0000000 1.5000000 2.0000000 2.5000000 3.0000000 3.5000000 4.0000000 4.5000000 ,91.0081,12.2773,1.9313,0.8316,1.0362,0,0.1461,0.1978,0,0,4.9332,2.5654,0.6898,0.4728,0.7165,0,0.1708,0.2198,0,0,1.5703,0.8166,0.2196,0.1505,0.2281,0,0.0544,0.07,0,0,0.031,0.0441,0.0198,0.0215,0.0397,0,0.0137,0.0194,0,0,411,3,0,0,1,0,0,0,0,0,,,,,,
PL11,317.1013,14.0589,22.5552,56 22 2270 3574  0,105.9214,0,3.1638,0,9.9393,0,0.2987,0,105.9214,0,0.074,0,0,447,240,13,,,,,,,,,0,,,,,,,,,,,10,0.0000000 0.5000000 1.0000000 1.5000000 2.0000000 2.5000000 3.0000000 3.5000000 4.0000000 4.5000000 ,92.9481,7.9026,2.2093,1.2433,1.4129,0.2052,0,0,0,0,4.5784,1.6489,0.8566,0.6496,0.9764,0.1647,0,0,0,0,1.4573,0.5249,0.2727,0.2068,0.3108,0.0524,0,0,0,0,0.0253,0.0287,0.0267,0.0271,0.0538,0.0105,0,0,0,0,445,1,0,0,0,1,0,0,0,0,,,,,,
AV261,315.5836,14.0589,22.4473,67 16 2281 3551  0,115.1711,0,6.3491,0,19.9464,0,0.5513,0,115.1711,0,0.275,0,0,183,288,17,,,,,,,,,0,,,,,,,,,,,10,0.0000000 0.5000000 1.0000000 1.5000000 2.0000000 2.5000000 3.0000000 3.5000000 4.0000000 4.5000000 ,53.7201,54.643,6.3086,0.4994,0,0,0,0,0,0,4.3487,11.6249,2.221,0.2503,0,0,0,0,0,0,1.3842,3.7003,0.707,0.0797,0,0,0,0,0,0,0.0341,0.2046,0.0628,0.01,0,0,0,0,0,0,173,9,1,0,0,0,0,0,0,0,,,,,,
AV266,310.4625,13.989,22.1932,73 28 2276 3523  0,117.4746,0,7.2327,0,22.7222,0,0.6157,0,117.4746,0,0.35,0,0,184,283,12,,,,,,,,,0,,,,,,,,,,,10,0.0000000 0.5000000 1.0000000 1.5000000 2.0000000 2.5000000 3.0000000 3.5000000 4.0000000 4.5000000 ,55.9982,55.8882,3.5508,0.4561,0,0,0,0,0.0575,1.5237,4.2187,11.9011,1.2605,0.2375,0,0,0,0,0.0769,3.984,1.3429,3.7883,0.4012,0.0756,0,0,0,0,0.0245,1.2682,0.0321,0.2089,0.036,0.0099,0,0,0,0,0.0082,0.8214,175,7,1,0,0,0,0,0,0,1,,,,,,
PL34,305.27,13.5573,22.5171,112 39 2247 3585  0,94.343,0,2.9336,0,9.2162,0,0.3109,0,94.343,0,0.072,0,0,391,169,16,,,,,,,,,0,,,,,,,,,,,10,0.0000000 0.5000000 1.0000000 1.5000000 2.0000000 2.5000000 3.0000000 3.5000000 4.0000000 4.5000000 ,83.7528,5.7303,2.4755,0.9205,1.0186,0.3258,0.083,0.0365,0,0,4.5086,1.2364,0.9587,0.4904,0.6983,0.2833,0.0866,0.0445,0,0,1.4351,0.3936,0.3052,0.1561,0.2223,0.0902,0.0276,0.0142,0,0,0.026,0.0221,0.0299,0.021,0.0382,0.0196,0.0072,0.0043,0,0,386,4,1,0,0,0,0,0,0,0,,,,,,
HO326,317.7344,13.9573,22.7647,61 22 2259 3607  0,107.4383,0,4.6861,0,14.722,0,0.4362,0,107.4383,0,0.161,0,0,138,143,10,,,,,,,,,0,,,,,,,,,,,10,0.0000000 0.5000000 1.0000000 1.5000000 2.0000000 2.5000000 3.0000000 3.5000000 4.0000000 4.5000000 ,67.8097,39.579,0.0497,0,0,0,0,0,0,0,6.3784,7.485,0.0162,0,0,0,0,0,0,0,2.0303,2.3826,0.0051,0,0,0,0,0,0,0,0.056,0.1146,0.0004,0,0,0,0,0,0,0,130,8,0,0,0,0,0,0,0,0,,,,,,
HO304,316.9471,13.989,22.6568,50 11 2253 3579  0,140.3025,0,4.4398,0,13.948,0,0.3164,0,140.3025,0,0.11,0,0,383,410,24,,,,,,,,,0,,,,,,,,,,,10,0.0000000 0.5000000 1.0000000 1.5000000 2.0000000 2.5000000 3.0000000 3.5000000 4.0000000 4.5000000 ,123.8686,15.9035,0.5098,0.0206,0,0,0,0,0,0,9.6117,2.782,0.1823,0.0099,0,0,0,0,0,0,3.0595,0.8855,0.058,0.0031,0,0,0,0,0,0,0.0778,0.0393,0.0053,0.0004,0,0,0,0,0,0,375,8,0,0,0,0,0,0,0,0,,,,,,
HO328,320.9739,14.2748,22.4854,22 33 2270 3574  0,142.6347,0,4.1937,0,13.175,0,0.294,0,142.6347,0,0.097,0,0,424,362,25,,,,,,,,,0,,,,,,,,,,,10,0.0000000 0.5000000 1.0000000 1.5000000 2.0000000 2.5000000 3.0000000 3.5000000 4.0000000 4.5000000 ,127.5996,15.0351,0,0,0,0,0,0,0,0,9.0671,2.6782,0,0,0,0,0,0,0,0,2.8862,0.8525,0,0,0,0,0,0,0,0,0.0668,0.0385,0,0,0,0,0,0,0,0,415,9,0,0,0,0,0,0,0,0,,,,,,
HO311,315.2528,13.9573,22.5869,33 22 2231 3579  0,144.5922,0,4.4448,0,13.9639,0,0.3074,0,144.5922,0,0.107,0,0,427,376,21,,,,,,,,,0,,,,,,,,,,,10,0.0000000 0.5000000 1.0000000 1.5000000 2.0000000 2.5000000 3.0000000 3.5000000 4.0000000 4.5000000 ,129.817,14.7752,0,0,0,0,0,0,0,0,10.0555,2.5755,0,0,0,0,0,0,0,0,3.2008,0.8198,0,0,0,0,0,0,0,0,0.0804,0.0361,0,0,0,0,0,0,0,0,421,6,0,0,0,0,0,0,0,0,,,,,,
PL41,321.2435,14.1351,22.7266,50 28 2276 3607  0,154.7874,0,7.3642,0,23.1353,0,0.4758,0,154.7874,0,0.275,0,0,318,568,45,,,,,,,,,0,,,,,,,,,,,10,0.0000000 0.5000000 1.0000000 1.5000000 2.0000000 2.5000000 3.0000000 3.5000000 4.0000000 4.5000000 ,110.3688,34.9384,4.0122,1.6906,0.9053,0.4262,1.5431,0.7828,0.1042,0.0159,8.334,6.9121,1.527,0.9104,0.6207,0.3602,1.5675,0.8899,0.1463,0.0226,2.6528,2.2002,0.4861,0.2898,0.1976,0.1146,0.499,0.2833,0.0466,0.0072,0.0653,0.1128,0.0468,0.0393,0.034,0.0243,0.1269,0.0806,0.0164,0.0026,316,1,0,0,0,0,0,1,0,0,,,,,,
PL42,314.7284,14.0208,22.4473,28 50 2236 3585  0,146.2717,0,4.7298,0,14.8592,0,0.3234,0,146.2717,0,0.12,0,0,456,466,46,,,,,,,,,0,,,,,,,,,,,10,0.0000000 0.5000000 1.0000000 1.5000000 2.0000000 2.5000000 3.0000000 3.5000000 4.0000000 4.5000000 ,130.8762,9.8321,1.6261,0.6865,1.7455,0.658,0.0537,0.5051,0.1982,0.0904,7.8211,1.9374,0.5942,0.3808,1.2541,0.5444,0.0471,0.5984,0.2571,0.1326,2.4895,0.6167,0.1892,0.1212,0.3992,0.1733,0.015,0.1905,0.0818,0.0422,0.0488,0.0318,0.0176,0.0169,0.072,0.0359,0.0032,0.0565,0.0266,0.0155,452,2,0,0,2,0,0,0,0,0,,,,,,
AV296,311.8736,14.097,22.1234,39 28 2259 3512  0,107.8988,0,4.7071,0,14.7876,0,0.4362,0,107.8988,0,0.161,0,0,211,285,17,,,,,,,,,0,,,,,,,,,,,10,0.0000000 0.5000000 1.0000000 1.5000000 2.0000000 2.5000000 3.0000000 3.5000000 4.0000000 4.5000000 ,73.6242,30.4493,3.4431,0.3822,0,0,0,0,0,0,5.7359,6.3238,1.2898,0.1922,0,0,0,0,0,0,1.8258,2.0129,0.4106,0.0612,0,0,0,0,0,0,0.0466,0.1085,0.0389,0.0077,0,0,0,0,0,0,208,3,0,0,0,0,0,0,0,0,,,,,,
HO321,315.97,13.989,22.5869,44 50 2247 3607  0,118.9238,0,3.4528,0,10.8473,0,0.2903,0,118.9238,0,0.079,0,0,253,244,16,,,,,,,,,0,,,,,,,,,,,10,0.0000000 0.5000000 1.0000000 1.5000000 2.0000000 2.5000000 3.0000000 3.5000000 4.0000000 4.5000000 ,115.7299,3.1938,0,0,0,0,0,0,0,0,9.2768,0.5515,0,0,0,0,0,0,0,0,2.9529,0.1755,0,0,0,0,0,0,0,0,0.0697,0.0077,0,0,0,0,0,0,0,0,250,3,0,0,0,0,0,0,0,0,,,,,,
HO354B,317.4801,13.989,22.6949,50 33 2253 3607  0,125.3428,0,4.8613,0,15.2723,0,0.3878,0,125.3428,0,0.148,0,0,241,331,29,,,,,,,,,0,,,,,,,,,,,10,0.0000000 0.5000000 1.0000000 1.5000000 2.0000000 2.5000000 3.0000000 3.5000000 4.0000000 4.5000000 ,87.3246,38.0182,0,0,0,0,0,0,0,0,7.028,6.9612,0,0,0,0,0,0,0,0,2.2371,2.2158,0,0,0,0,0,0,0,0,0.0561,0.1032,0,0,0,0,0,0,0,0,235,6,0,0,0,0,0,0,0,0,,,,,,
HO322,308.5082,13.989,22.0535,44 39 2247 3512  0,134.0818,0,4.8966,0,15.383,0,0.3652,0,134.0818,0,0.14,0,0,323,389,12,,,,,,,,,0,,,,,,,,,,,10,0.0000000 0.5000000 1.0000000 1.5000000 2.0000000 2.5000000 3.0000000 3.5000000 4.0000000 4.5000000 ,104.844,29.1907,0.0471,0,0,0,0,0,0,0,8.7886,5.1806,0.0152,0,0,0,0,0,0,0,2.7975,1.649,0.0048,0,0,0,0,0,0,0,0.0748,0.0743,0.0004,0,0,0,0,0,0,0,318,5,0,0,0,0,0,0,0,0,,,,,,
HO317,322.7768,14.1986,22.733,28 33 2264 3613  0,154.2562,0,4.9737,0,15.6253,0,0.3224,0,154.2562,0,0.126,0,0,361,491,45,,,,,,,,,0,,,,,,,,,,,10,0.0000000 0.5000000 1.0000000 1.5000000 2.0000000 2.5000000 3.0000000 3.5000000 4.0000000 4.5000000 ,131.5032,22.753,0,0,0,0,0,0,0,0,10.0166,4.0174,0,0,0,0,0,0,0,0,3.1884,1.2788,0,0,0,0,0,0,0,0,0.0793,0.0572,0,0,0,0,0,0,0,0,354,7,0,0,0,0,0,0,0,0,,,,,,
PL31,315.3163,14.0271,22.479,22 39 2231 3579  0,138.8519,0,5.1094,0,16.0516,0,0.368,0,138.8519,0,0.148,0,0,430,448,25,,,,,,,,,0,,,,,,,,,,,10,0.0000000 0.5000000 1.0000000 1.5000000 2.0000000 2.5000000 3.0000000 3.5000000 4.0000000 4.5000000 ,112.4196,22.2257,1.6702,0.639,1.3214,0.5761,0,0,0,0,7.8419,4.294,0.644,0.3554,0.9627,0.4829,0,0,0,0,2.4962,1.3668,0.205,0.1131,0.3064,0.1537,0,0,0,0,0.0589,0.0682,0.0201,0.0158,0.0561,0.0323,0,0,0,0,425,4,0,0,0,1,0,0,0,0,,,,,,
HO319,318.4566,14.1669,22.479,22 28 2253 3568  0,145.0986,0,5.5675,0,17.491,0,0.3837,0,145.0986,0,0.168,0,0,287,424,31,,,,,,,,,0,,,,,,,,,,,10,0.0000000 0.5000000 1.0000000 1.5000000 2.0000000 2.5000000 3.0000000 3.5000000 4.0000000 4.5000000 ,96.5838,48.4017,0.1132,0,0,0,0,0,0,0,6.9624,9.1719,0.0372,0,0,0,0,0,0,0,2.2162,2.9195,0.0118,0,0,0,0,0,0,0,0.0538,0.1407,0.001,0,0,0,0,0,0,0,279,8,0,0,0,0,0,0,0,0,,,,,,
AV273,320.1695,14.2431,22.479,16 22 2259 3562  0,137.8269,0,5.2066,0,16.3571,0,0.3778,0,137.8269,0,0.154,0,0,294,350,26,,,,,,,,,0,,,,,,,,,,,10,0.0000000 0.5000000 1.0000000 1.5000000 2.0000000 2.5000000 3.0000000 3.5000000 4.0000000 4.5000000 ,106.0238,31.2868,0.5162,0,0,0,0,0,0,0,8.2128,6.4168,0.172,0,0,0,0,0,0,0,2.6142,2.0425,0.0548,0,0,0,0,0,0,0,0.0617,0.1083,0.0046,0,0,0,0,0,0,0,289,5,0,0,0,0,0,0,0,0,,,,,,
PL39,322.9681,14.2748,22.625,28 28 2276 3591  0,151.7664,0,6.3887,0,20.0706,0,0.421,0,151.7664,0,0.211,0,0,476,703,85,,,,,,,,,0,,,,,,,,,,,10,0.0000000 0.5000000 1.0000000 1.5000000 2.0000000 2.5000000 3.0000000 3.5000000 4.0000000 4.5000000 ,120.9325,19.8184,5.138,1.6649,1.1943,0.5645,1.553,0.4299,0.471,0,7.3967,4.1349,1.9548,0.8841,0.8015,0.4814,1.5886,0.5177,0.6119,0,2.3544,1.3162,0.6222,0.2814,0.2551,0.1532,0.5057,0.1648,0.1948,0,0.0503,0.0713,0.0599,0.0376,0.0429,0.0327,0.1295,0.0497,0.0633,0,472,3,1,0,0,0,0,0,0,0,,,,,,
AV286,316.4389,14.097,22.4473,44 39 2264 3574  0,116.2019,0,5.5493,0,17.4337,0,0.4776,0,116.2019,0,0.208,0,0,211,204,14,,,,,,,,,0,,,,,,,,,,,10,0.0000000 0.5000000 1.0000000 1.5000000 2.0000000 2.5000000 3.0000000 3.5000000 4.0000000 4.5000000 ,73.3841,39.8252,2.9926,0,0,0,0,0,0,0,6.2223,8.8359,1.0685,0,0,0,0,0,0,0,1.9806,2.8126,0.3401,0,0,0,0,0,0,0,0.0503,0.1616,0.0305,0,0,0,0,0,0,0,206,3,2,0,0,0,0,0,0,0,,,,,,
HO354-A,317.9169,14.1669,22.4409,33 28 2264 3562  0,120.8054,0,4.1964,0,13.1833,0,0.3474,0,120.8054,0,0.114,0,0,259,352,28,,,,,,,,,0,,,,,,,,,,,10,0.0000000 0.5000000 1.0000000 1.5000000 2.0000000 2.5000000 3.0000000 3.5000000 4.0000000 4.5000000 ,99.986,18.9546,1.5829,0.1628,0.0666,0.0526,0,0,0,0,7.6104,3.4221,0.6867,0.0846,0.0439,0.0564,0,0,0,0,2.4225,1.0893,0.2186,0.0269,0.014,0.0179,0,0,0,0,0.0593,0.05,0.0237,0.0035,0.0023,0.0046,0,0,0,0,254,4,0,1,0,0,0,0,0,0,,,,,,
AV287,315.5066,14.2367,22.1615,28 16 2270 3506  0,124.4887,0,5.9759,0,18.7738,0,0.48,0,124.4887,0,0.225,0,0,208,305,9,,,,,,,,,0,,,,,,,,,,,10,0.0000000 0.5000000 1.0000000 1.5000000 2.0000000 2.5000000 3.0000000 3.5000000 4.0000000 4.5000000 ,79.883,40.9111,3.6946,0,0,0,0,0,0,0,6.8517,9.0061,1.2689,0,0,0,0,0,0,0,2.181,2.8667,0.4039,0,0,0,0,0,0,0,0.0539,0.164,0.0349,0,0,0,0,0,0,0,200,8,0,0,0,0,0,0,0,0,,,,,,
HO301,322.4534,14.3447,22.479,28 22 2287 3562  0,133.2216,0,4.8467,0,15.2263,0,0.3638,0,133.2216,0,0.138,0,0,387,363,27,,,,,,,,,0,,,,,,,,,,,10,0.0000000 0.5000000 1.0000000 1.5000000 2.0000000 2.5000000 3.0000000 3.5000000 4.0000000 4.5000000 ,100.4703,32.1434,0.592,0.0159,0,0,0,0,0,0,7.5498,6.1246,0.2232,0.0076,0,0,0,0,0,0,2.4032,1.9495,0.0711,0.0024,0,0,0,0,0,0,0.059,0.0955,0.0068,0.0003,0,0,0,0,0,0,382,4,1,0,0,0,0,0,0,0,,,,,,
