CHH;LD;Loading
4106;LD1;0.00166288525741619
4108;LD1;9.053498311164e-05
4109;LD1;0.0113868827054592
4111;LD1;0.000283898457301714
4121;LD1;1.72998206351018e-08
4123;LD1;3.72073291524746e-05
4128;LD1;1.02364250556927e-08
4130;LD1;6.75372752924980e-09
4144;LD1;3.79948287104862e-11
4145;LD1;5.33081897663871e-10
4146;LD1;5.16225088199424e-12
4147;LD1;2.93754793702147e-10
4148;LD1;0
4149;LD1;3.34373696604538e-10
4150;LD1;6.19203135048485e-08
4151;LD1;1.15815874300104e-07
4152;LD1;1.89094043104449e-11
4153;LD1;1.55508293653936e-07
4154;LD1;6.63436914672611e-09
4155;LD1;4.22540022944344e-09
4156;LD1;0
4157;LD1;0
4159;LD1;0
4160;LD1;0
4161;LD1;5.10874758868333e-07
4163;LD1;2.38280139050324e-07
4164;LD1;1.05644406589399e-07
4165;LD1;1.00700814542086e-06
4166;LD1;3.85938309501471e-07
4167;LD1;6.01004497055301e-06
4168;LD1;1.56142647816568e-05
4169;LD1;9.31061431234758e-06
4170;LD1;1.07463697062498e-07
4171;LD1;2.30093252741982e-07
4172;LD1;2.30336293015597e-07
4173;LD1;2.2742945530692e-10
4174;LD1;9.64519244269564e-09
4175;LD1;0
4176;LD1;2.76281415511184e-11
4177;LD1;2.7223916897139e-11
4178;LD1;1.2655423896798e-08
4179;LD1;2.82221155761499e-11
4180;LD1;6.76981418399677e-10
4181;LD1;0
4182;LD1;2.67713563492375e-11
4183;LD1;0
4184;LD1;0
4185;LD1;0
4186;LD1;1.52487851233042e-07
4187;LD1;0
4188;LD1;0
4189;LD1;0
4190;LD1;2.64260851116528e-11
4191;LD1;0
4192;LD1;0
4193;LD1;2.62436395263265e-11
4194;LD1;2.61454752096818e-11
4195;LD1;0
4196;LD1;0
4197;LD1;0
4198;LD1;0
4199;LD1;0
4200;LD1;0
4201;LD1;0
4202;LD1;0
4203;LD1;0
4204;LD1;0
4205;LD1;0
4206;LD1;6.01279781400056e-10
4207;LD1;6.02159488351048e-10
4208;LD1;0
4209;LD1;0
4210;LD1;1.6754921039537e-10
4211;LD1;0
4212;LD1;1.37853692947959e-07
4213;LD1;5.05153558202076e-12
4214;LD1;1.67197013759155e-10
4215;LD1;1.49443514407922e-10
4216;LD1;1.90954142662216e-09
4217;LD1;2.43182909806809e-07
4218;LD1;0
4219;LD1;0
4220;LD1;0
4221;LD1;0
4222;LD1;1.25495467713898e-08
4223;LD1;2.1357988901455e-11
4224;LD1;2.13492086388794e-11
4225;LD1;0
4226;LD1;0
4227;LD1;4.41097227670211e-10
4228;LD1;4.68112393961786e-10
4229;LD1;0
4230;LD1;4.0847302569865e-08
4231;LD1;1.77404007238878e-10
4232;LD1;0
4233;LD1;0
4234;LD1;0
4235;LD1;0
4236;LD1;0
4237;LD1;0
4238;LD1;3.28829076896401e-09
4239;LD1;0
4240;LD1;0
4241;LD1;0
4242;LD1;9.21056709251185e-11
4243;LD1;0
4244;LD1;0
10999;LD1;0.00383042271294927
12853;LD1;0.00056152211825936
12903;LD1;0.00374276798391679
12927;LD1;0.002187515727202
15547;LD1;1.84907032240213e-06
15548;LD1;1.32944736116126e-08
15551;LD1;8.73582630877993e-08
15552;LD1;9.08522574459754e-07
15554;LD1;4.15174379552964e-06
15558;LD1;2.84395008810626e-07
15559;LD1;7.67398910040942e-09
15571;LD1;4.21736683303142e-07
15584;LD1;9.675632525512e-08
15592;LD1;5.57715877887033e-08
15600;LD1;3.48764702814793e-06
15609;LD1;2.98327639104192e-06
15615;LD1;4.48863058870242e-08
15619;LD1;6.60589054044308e-07
15626;LD1;5.17321239407552e-08
15632;LD1;6.28161462851341e-07
15636;LD1;4.61168521369534e-07
15644;LD1;2.30375746587441e-08
15655;LD1;1.65728494034717e-06
15658;LD1;5.80442076079495e-08
15667;LD1;0.148971464080001
15668;LD1;0.0583553631834633
15670;LD1;0.0194426400844012
15673;LD1;3.53113157594469e-05
15674;LD1;9.61122730766803e-06
15676;LD1;1.62666790858806e-05
15679;LD1;1.76685428101758e-05
22352;LD1;7.99255529732931e-09
22353;LD1;2.70095156483569e-05
22354;LD1;2.031016600486e-07
22356;LD1;3.2206222336316e-05
22357;LD1;0.00163542493622811
22360;LD1;0.0194916655709377
22374;LD1;1.22817124841005e-05
22375;LD1;0.000800616128955844
22377;LD1;9.01872129704389e-06
22379;LD1;4.4193793719479e-05
22391;LD1;6.00650286319312e-06
22392;LD1;0.000115538003738424
22401;LD1;6.74153926773056e-05
22402;LD1;1.10112174834238e-05
22409;LD1;4.96292487661309e-06
22410;LD1;8.85288532212464e-05
22411;LD1;0.000463947052459525
22412;LD1;1.43809264121877e-05
22416;LD1;0.000178085896094423
22420;LD1;0.0524022076613065
22422;LD1;0.0201324749969263
22434;LD1;2.37526789977471e-08
22436;LD1;3.19969197620299e-05
22444;LD1;0.00106212436759441
22446;LD1;0.000948205403788156
22449;LD1;3.06918411729487e-06
22453;LD1;1.66024198362136e-05
22459;LD1;0.0125474723434143
22461;LD1;7.20848538637173e-07
22462;LD1;0.000180387026191496
22464;LD1;1.395275034665e-05
22465;LD1;0.000164579442794066
22467;LD1;1.37616952898124e-05
22470;LD1;0.00311721892638667
22474;LD1;2.64806075598188e-06
22484;LD1;3.17733836493506e-06
22485;LD1;5.72844276833884e-05
25646;LD1;1.18212170113051e-06
1159563;LD1;0.00113033048200002
1159570;LD1;0.00209291943438686
1159572;LD1;0.00389130812457611
1159582;LD1;0.0598473176005809
1159583;LD1;0.000424114061208712
1159598;LD1;0.000385875364509997
1159602;LD1;0.000412961152809878
1159608;LD1;0.0136729268908936
1159611;LD1;4.65232674581847e-05
1159616;LD1;0.0176131712036638
1159617;LD1;0.00236035751114788
1159619;LD1;0.000278549359289257
1159623;LD1;0.00148501839882934
1159625;LD1;0.00267296389950753
1159629;LD1;3.50846533563613e-05
1159632;LD1;0.00204118211728901
1159636;LD1;9.95263685338258e-05
1159643;LD1;0.00696451063562548
1159644;LD1;0.000130076755850699
1159669;LD1;0.000280815613518026
1159686;LD1;0.00149115820873205
1159687;LD1;0.00638755172137678
1802753;LD1;1.33873045003908e-07
1802754;LD1;0
1802755;LD1;0
1802756;LD1;0
1802765;LD1;4.37244011674785e-06
1802766;LD1;0
1802767;LD1;0
1802775;LD1;6.39810374850645e-07
1802777;LD1;0
1802783;LD1;0
1802784;LD1;0
1802787;LD1;7.56585486798844e-10
1802788;LD1;0
1802790;LD1;2.13946517798071e-06
1802791;LD1;0
1802794;LD1;0
1802802;LD1;2.63122174877456e-07
1802803;LD1;7.43439879315945e-08
1802806;LD1;0.00164428707625114
1802807;LD1;0
1802815;LD1;1.00357315405863e-06
1802827;LD1;0
1802830;LD1;0
1802834;LD1;0
1802845;LD1;6.03234338174496e-05
1802852;LD1;0
1802853;LD1;0
1802857;LD1;4.04964714906468e-06
1802859;LD1;0
1802864;LD1;8.38680571062573e-07
1802865;LD1;9.0125323805661e-07
1802867;LD1;6.74210157652725e-09
1802869;LD1;0
1802872;LD1;0
1802873;LD1;2.89618063779482e-06
1802876;LD1;0.000104356405329177
1802882;LD1;0
1802883;LD1;0
1833227;LD1;7.53395733375061e-07
1833228;LD1;4.22964573957124e-07
1833229;LD1;2.62434499450157e-06
1833231;LD1;3.12735152637543e-06
1833233;LD1;5.28579704265362e-07
1833240;LD1;8.87025053859199e-07
1833241;LD1;3.12356974754564e-05
1833242;LD1;3.61325320761038e-08
1833243;LD1;1.70348778616209e-05
1833258;LD1;7.72914914130148e-09
1833262;LD1;1.2762756420536e-06
1833272;LD1;4.669357226553e-06
1833278;LD1;5.10533191852618e-06
1833281;LD1;1.57490325892395e-05
1833287;LD1;3.8097780922727e-07
1833288;LD1;1.07416178305649e-07
1833290;LD1;3.73185973922425e-07
1833293;LD1;5.62191485464557e-07
1833296;LD1;1.57136694166516e-07
1833302;LD1;3.2830818339227e-06
1833304;LD1;2.08510489722614e-07
1833310;LD1;4.35648307575184e-07
1833314;LD1;1.84287459284394e-05
1833318;LD1;2.13490289289358e-06
1833324;LD1;1.24055764597918e-07
1833335;LD1;1.09563708341999e-06
1833337;LD1;1.21894834072808e-07
1869947;LD1;1.90956175969661e-09
1869948;LD1;3.32475373630565e-08
1869949;LD1;7.42945850642721e-13
1869954;LD1;2.64648823301689e-07
1869957;LD1;2.65853603264191e-07
1869958;LD1;2.39760955222987e-08
1869965;LD1;2.54375349301693e-11
1869970;LD1;4.17937922079521e-09
1869978;LD1;2.23506587663035e-08
1869992;LD1;5.25061254546263e-08
1869996;LD1;7.26643315762969e-08
1869997;LD1;1.54652477426728e-09
1870002;LD1;1.30557231649764e-08
1870005;LD1;1.49732278486259e-11
1870009;LD1;3.33015812782666e-10
1870017;LD1;7.33050596246593e-09
1870023;LD1;1.44218907439836e-08
1870041;LD1;4.02665134486936e-08
1870042;LD1;4.84888553551053e-09
1870050;LD1;1.14872718438187e-08
1870054;LD1;7.10595045370287e-08
1870060;LD1;1.04491480124519e-11
1870068;LD1;7.48136434135202e-09
2075339;LD1;0
2075343;LD1;0.000141131406609349
2075344;LD1;6.2722969830156e-05
2075345;LD1;1.33357672115188e-08
2075350;LD1;1.71355503500863e-05
2075361;LD1;7.77067296793185e-06
2075366;LD1;3.67964021275318e-05
2075368;LD1;5.93304530349755e-08
2075385;LD1;1.23019011257397e-06
2075396;LD1;9.79838797092029e-06
2075399;LD1;1.2422163022252e-06
2075403;LD1;4.89344669691061e-06
2075407;LD1;2.60492904636493e-05
2075416;LD1;3.21259347737279e-05
2075422;LD1;2.46415095737248e-05
2075426;LD1;6.68979400512555e-06
2075430;LD1;8.29281101879059e-08
2075431;LD1;2.64976182722509e-07
2075450;LD1;8.06661521657109e-06
2075453;LD1;1.57731167066394e-07
2075466;LD1;1.62226761330971e-06
2085196;LD1;0.00022446631873602
2253286;LD1;5.93746880726752e-07
2253287;LD1;9.14876814735724e-08
2253296;LD1;9.29146334135382e-08
2253302;LD1;9.46583039346027e-08
2253319;LD1;2.72892218692367e-09
2253330;LD1;2.29773480892881e-08
2253334;LD1;5.3538098561756e-07
2253337;LD1;2.18128138030536e-09
2253364;LD1;1.59495217624903e-08
2253367;LD1;1.88995955279668e-07
2253378;LD1;2.54047803607496e-07
2253379;LD1;8.46486127905617e-10
2253390;LD1;1.83914481651806e-09
2253391;LD1;6.15313992317231e-09
2253400;LD1;2.88954269270473e-09
2253401;LD1;8.80964380133289e-09
2253402;LD1;3.4788321211846e-07
2253403;LD1;2.64800978035146e-07
2253413;LD1;5.49361332844512e-08
2258561;LD1;0.00223606305497936
2546401;LD1;2.85332640483844e-08
2546420;LD1;0.000267557973176228
2603495;LD1;0
2603496;LD1;5.34425663232084e-09
2603497;LD1;0
2603498;LD1;0
2603499;LD1;0
2603500;LD1;0
2603501;LD1;0
2603502;LD1;5.70960683483769e-07
2603503;LD1;0
2603504;LD1;0
2603519;LD1;1.1925341967298e-05
2603520;LD1;6.95206279591778e-07
2603521;LD1;4.37726818749937e-09
2603522;LD1;3.12938943195137e-09
2603523;LD1;1.3209494859076e-07
2603524;LD1;0
2603525;LD1;0
2603526;LD1;1.15944606620734e-10
2603527;LD1;0
2603528;LD1;0
2603529;LD1;0
2603530;LD1;0
2603531;LD1;0
2603532;LD1;0
2603533;LD1;0
2603534;LD1;0
2603535;LD1;0
2603536;LD1;0
2603537;LD1;0
2603538;LD1;0
2603539;LD1;0
2603540;LD1;0
2603541;LD1;0
2603542;LD1;0
2603543;LD1;0
2603544;LD1;0
2603545;LD1;0
2603546;LD1;0
2603547;LD1;0
2603548;LD1;0
2603549;LD1;0
2603550;LD1;0
2603551;LD1;0
2603552;LD1;0
2603553;LD1;0
2603554;LD1;0
2603555;LD1;0
2603556;LD1;0
2603557;LD1;0
2603558;LD1;0
2603559;LD1;0
2603560;LD1;0
2603561;LD1;0
2603562;LD1;0
2603563;LD1;0
2603564;LD1;0
2603565;LD1;0
2603566;LD1;0
2603567;LD1;0
2603568;LD1;0
2603569;LD1;0
2603570;LD1;0
2603571;LD1;0
2603572;LD1;0
2603573;LD1;0
2603574;LD1;0
2603575;LD1;0
2603576;LD1;0
2603577;LD1;0
2603578;LD1;0
2603579;LD1;0
2603580;LD1;0
2603581;LD1;0
2603582;LD1;0
2603583;LD1;0
2603584;LD1;0
2603585;LD1;0
2603586;LD1;0
2603587;LD1;0
2603588;LD1;0
2603589;LD1;0
3286450;LD1;0.0191981265166885
3286466;LD1;0.0117190770690282
3286467;LD1;0.0250320366873786
4012481;LD1;0.00928138442606736
5036879;LD1;0.0234718255932116
5036911;LD1;0.0339164626136151
5036963;LD1;0.00387132932166154
5036989;LD1;1.07388525230445e-06
5056853;LD1;4.130467531835e-05
5068958;LD1;1.62664790718976e-06
5068961;LD1;3.887185944588e-08
5068962;LD1;6.20216064503927e-08
5068963;LD1;4.51455442190312e-08
5068971;LD1;3.16619140297752e-10
5068972;LD1;4.81405607262569e-07
5068975;LD1;4.44603845140953e-10
5068983;LD1;1.51227616769446e-08
5068984;LD1;7.60209812348807e-09
5068985;LD1;3.20566157314986e-07
5068987;LD1;7.12872259682436e-09
5068988;LD1;3.11598515151734e-07
5068996;LD1;6.55012730568129e-09
5069004;LD1;2.63786313899811e-07
5069010;LD1;1.44842840220682e-07
5069013;LD1;4.46315757583611e-08
5069014;LD1;4.62924186660569e-09
5069022;LD1;8.35374712225417e-08
5069035;LD1;3.65730057744116e-07
5069037;LD1;3.63996416523255e-09
5069043;LD1;6.22348356047035e-08
5069049;LD1;1.46178912387207e-07
5069053;LD1;1.92268295432845e-09
5069058;LD1;6.54393910389193e-09
5069061;LD1;1.61330351106961e-08
5069062;LD1;2.75936539131483e-06
5069066;LD1;3.64098800253527e-11
5069070;LD1;3.37319678563801e-07
5069071;LD1;5.25115035625564e-08
5069073;LD1;1.13165467774102e-09
5069074;LD1;2.4980465568182e-07
5069079;LD1;8.93872604026409e-14
5069080;LD1;0
5069088;LD1;6.77729106634219e-07
5069090;LD1;5.12008692192175e-08
5069091;LD1;2.64536569080349e-08
5069781;LD1;9.61355555156784e-09
5069788;LD1;8.07094048156319e-05
5069808;LD1;2.80997012858499e-05
5069810;LD1;1.61754404112092e-05
5069811;LD1;0.000179526948743096
5069812;LD1;1.92767305864665e-06
5069819;LD1;0.00106485929175275
5069826;LD1;3.06801880496703e-05
5069830;LD1;1.0095564761337e-05
5069842;LD1;5.82864694760889e-05
5069859;LD1;0.000183531000418074
5069860;LD1;4.65642104577581e-05
5069865;LD1;0.00015145929994042
5069866;LD1;2.8245827478959e-05
5069870;LD1;0.000629703315153831
5069871;LD1;6.92713002091603e-05
5069877;LD1;1.5456359453972e-05
5069884;LD1;2.93114357231703e-05
5069886;LD1;0.000154875354255129
5069890;LD1;5.97566954436448e-05
5069898;LD1;0.000106770424909981
5069899;LD1;0.000202442263041687
5069906;LD1;2.73542635203851e-05
5069907;LD1;5.76387458147183e-05
5069908;LD1;0.00022116299620759
5069913;LD1;4.52682244171914e-05
5076589;LD1;0.00220024729047801
5076597;LD1;0.00660317045789954
5076674;LD1;0.000252082160255273
5096234;LD1;1.7355576981765e-05
5096267;LD1;0.000963866775064336
5096290;LD1;0.00129802416415346
5130706;LD1;1.01759960711081e-07
5130709;LD1;1.09682943122752e-10
5130710;LD1;0
5130711;LD1;0
5130720;LD1;0
5130721;LD1;4.80545939659725e-09
5130723;LD1;0
5130729;LD1;1.10651678056677e-08
5130737;LD1;0
5130738;LD1;0
5130742;LD1;7.51815073625666e-05
5130743;LD1;0
5130747;LD1;0
5130748;LD1;0
5130755;LD1;0
5130759;LD1;1.09682943122754e-10
5130761;LD1;1.43261298387928e-10
5130762;LD1;0
5130770;LD1;2.71819116568883e-06
5130771;LD1;0
5130775;LD1;0
5130787;LD1;0
5130791;LD1;4.3739925458922e-10
5130798;LD1;1.3226859930373e-06
5130801;LD1;1.72514995523696e-08
5130811;LD1;8.15675109923606e-07
5130812;LD1;8.35204269347822e-05
5130819;LD1;0
5130821;LD1;0
5130829;LD1;5.69817344311875e-07
5130830;LD1;0
5130835;LD1;1.95271344147035e-07
5189189;LD1;1.05630883048994e-09
5189190;LD1;2.4132779783541e-07
5189191;LD1;3.18037709114836e-07
5189192;LD1;2.06925720160323e-08
5189197;LD1;6.25611809784886e-09
5189200;LD1;3.7710793793884e-08
5189201;LD1;1.60754358956708e-08
5189208;LD1;7.73050093694844e-08
5189213;LD1;2.29240983383643e-07
5189221;LD1;1.0209344131202e-07
5189235;LD1;3.90872923057983e-08
5189239;LD1;1.78267565192361e-07
5189240;LD1;1.43699943461274e-08
5189245;LD1;2.92040132234043e-08
5189248;LD1;0
5189252;LD1;6.44483888446924e-06
5189260;LD1;0
5189266;LD1;2.40189625114711e-06
5189284;LD1;2.23046139307662e-08
5189285;LD1;4.56870174724709e-09
5189293;LD1;1.0740468752997e-05
5189297;LD1;4.56277661759303e-08
5189303;LD1;4.16397484052944e-09
5189311;LD1;2.51934853597544e-07
5189319;LD1;1.32873882518612e-08
5189320;LD1;4.29858173741388e-08
5230305;LD1;0.00131602959295266
5316213;LD1;0
5316214;LD1;9.73157109802919e-06
5316215;LD1;7.17033491804291e-05
5316217;LD1;7.66394701071702e-07
5316230;LD1;0.0100384607272024
5316235;LD1;0.000107137671629667
5316236;LD1;0.00102685564183321
5316238;LD1;0.000117409999025148
5316240;LD1;0.00038698172237968
5316247;LD1;3.69156546544266e-06
5316252;LD1;3.26755632633921e-05
5316253;LD1;8.38953860112235e-06
5316254;LD1;0.0417778519964762
5316262;LD1;3.03874632066569e-05
5316263;LD1;0.00328361728062995
5316270;LD1;0.000326900981489973
5316271;LD1;1.23965792629769e-05
5316272;LD1;2.76519866537034e-05
5316273;LD1;8.03692520302911e-05
5316277;LD1;0.00216142514675533
5316281;LD1;0.000536865086274544
5316283;LD1;5.60521161088618e-05
5316297;LD1;0.0173390683240103
5316305;LD1;0.000953810401921481
5316307;LD1;2.47846992362842e-05
5316310;LD1;0.000660250312627895
5316314;LD1;0.00100985650836571
5316322;LD1;0.00127034580220122
5316323;LD1;5.75934364894188e-05
5316326;LD1;0.0123833620790304
5316328;LD1;0
5316335;LD1;0.000157356399365753
5316338;LD1;0.0181227918904002
5316345;LD1;0.00214925937826708
5386168;LD1;0.000562791067876952
5468047;LD1;0.00722041344120815
5476965;LD1;1.33233838260388e-07
5476966;LD1;4.80198684628753e-08
5476967;LD1;1.02446155262184e-08
5476968;LD1;9.41911853768948e-08
5476978;LD1;2.1954884020947e-05
5476980;LD1;3.92714011412048e-05
5476983;LD1;1.75469968370311e-07
5476987;LD1;2.04277211611017e-05
5476988;LD1;3.68454685056794e-05
5476998;LD1;1.3405491633204e-05
5476999;LD1;5.97369125202246e-06
5477001;LD1;0.0054650931672969
5477004;LD1;4.39096698806879e-07
5477007;LD1;0.000464952704842019
5477009;LD1;6.6879634113251e-07
5477010;LD1;2.6048184364347e-08
5477023;LD1;4.39180431646916e-06
5477024;LD1;1.21711650882814e-05
5477037;LD1;2.43371979673018e-06
5477039;LD1;3.97197279481682e-06
5477048;LD1;1.68203682915538e-08
5477065;LD1;2.04113085316009e-06
5477068;LD1;2.47092379891272e-06
5477070;LD1;0.000109057304454866
5477090;LD1;5.33453698529804e-05
5477097;LD1;8.38550748388216e-09
5538465;LD1;0.027836632324089
5538507;LD1;2.56840102882557e-05
5538563;LD1;0.000255637727041702
5538576;LD1;0.00546684618404885
5538581;LD1;0.00951263227164377
5568724;LD1;0.000238615467174542
5568733;LD1;0.00127987301099903
5594221;LD1;0.00115145196871061
5594241;LD1;0.00227883439792271
5594267;LD1;0.00747042095395087
5594306;LD1;0.0159343655265898
5594321;LD1;0.000310861881472351
5615707;LD1;0.00342606788589749
5615743;LD1;0.0244027386529076
5678259;LD1;5.25292948900503e-07
5678260;LD1;3.74503516786138e-07
5678261;LD1;3.36474983821873e-08
5678262;LD1;1.864810172535e-07
5678263;LD1;1.14017252504725e-08
5678271;LD1;5.78366458895975e-12
5678274;LD1;6.11238030044614e-07
5678275;LD1;1.2691951312823e-08
5678276;LD1;2.06406829057635e-06
5678277;LD1;1.48159989877493e-08
5678281;LD1;1.62540279688991e-07
5678282;LD1;1.73448147710737e-08
5678283;LD1;3.02597587801694e-08
5678284;LD1;2.680432556706e-08
5678285;LD1;1.41558099517599e-07
5678286;LD1;7.94683657330613e-09
5678296;LD1;1.02864516305675e-06
5678304;LD1;3.93089711185776e-08
5678333;LD1;2.04064799034418e-07
5678335;LD1;2.44755200410523e-07
5678337;LD1;5.64611757353651e-09
5678338;LD1;9.14992115506146e-09
5678339;LD1;2.59278854508412e-08
5678346;LD1;1.35402935068784e-08
5678351;LD1;2.99364123092815e-08
5678355;LD1;2.44774660499399e-09
5678356;LD1;9.09820090739002e-09
5678357;LD1;2.1660718540137e-07
5678358;LD1;1.80073484697656e-08
5678359;LD1;9.03479690914439e-09
5678369;LD1;2.26675705756338e-07
5678371;LD1;5.75804932613129e-09
5678373;LD1;1.1704504550197e-09
5678375;LD1;3.17014941224188e-08
5678378;LD1;1.71339947126135e-07
5678382;LD1;9.33612945538507e-11
5678389;LD1;1.00703921832491e-05
5678391;LD1;9.36142781600274e-11
5763477;LD1;0.000396676835588056
5763490;LD1;0.0153281346441867
5763505;LD1;0.00262855251583811
5765157;LD1;0.00942916390168642
5853699;LD1;2.26784779841177e-06
5853700;LD1;6.15047185982006e-09
5853701;LD1;0
5853703;LD1;8.59240268235515e-06
5853704;LD1;0.00251087742481419
5853707;LD1;0.00293498120258735
5853715;LD1;0.00918207244312482
5853716;LD1;0.000362814687700343
5853721;LD1;4.29583376175208e-05
5853722;LD1;0.000139476362730734
5853724;LD1;0.000131939109845598
5853726;LD1;2.48012208350132e-06
5853733;LD1;3.93577793689507e-06
5853738;LD1;3.75636756473447e-05
5853739;LD1;1.33849702839064e-05
5853740;LD1;0.0519373369818203
5853748;LD1;6.39675158461294e-07
5853749;LD1;4.70243738739208e-05
5853756;LD1;0.000171505286804052
5853757;LD1;0.000264755936472686
5853758;LD1;2.00007403284832e-06
5853759;LD1;0.00033663442600899
5853763;LD1;0.000175677185176892
5853767;LD1;0.00120511736571625
5853769;LD1;1.48548273594521e-05
5853781;LD1;0.00013776908693988
5853783;LD1;0.00128133667766495
5853791;LD1;0.000734693635974216
5853793;LD1;0.000111559505463582
5853796;LD1;1.49588732537537e-05
5853800;LD1;0.00087529135901165
5853808;LD1;0.000560145974100616
5853809;LD1;0.000222006355578288
5853811;LD1;2.90077266843377e-05
5853812;LD1;0.0178983187416726
5853814;LD1;1.45779124844324e-06
5853821;LD1;0.000167249633929062
5853824;LD1;0.0102847923108052
5853831;LD1;1.29531102777771e-06
5873919;LD1;0.00053313175281712
5873942;LD1;0.000634710780906644
5901568;LD1;1.31447543575128e-09
5901571;LD1;9.43076040433646e-08
5901572;LD1;5.19684792758252e-09
5901573;LD1;3.02057208791453e-08
5901580;LD1;0
5901593;LD1;9.07012011097582e-08
5901599;LD1;0
5901604;LD1;5.82476171879902e-07
5901609;LD1;6.24224118532184e-07
5901615;LD1;3.52037934700997e-06
5901618;LD1;1.01790610611379e-06
5901619;LD1;1.22872358487097e-05
5901625;LD1;9.05928599186933e-06
5901648;LD1;0
5901656;LD1;5.58893468518153e-09
5901661;LD1;4.66470619806952e-08
5901670;LD1;6.87682528792981e-07
5901680;LD1;3.34033573939298e-09
5901687;LD1;9.87366407969786e-07
5901690;LD1;1.6256226297149e-08
5901693;LD1;1.17452815624771e-07
5901694;LD1;3.32298069308005e-06
5969843;LD1;6.64169192859056e-12
5969844;LD1;1.02968478345622e-05
5969845;LD1;2.66466727904142e-08
5969846;LD1;1.08681671717472e-05
5969848;LD1;6.04495010230236e-09
5969857;LD1;1.85777449255772e-06
5969869;LD1;2.47588058998029e-05
5969872;LD1;1.44639674388784e-06
5969880;LD1;1.34818549108345e-06
5969882;LD1;1.96373008870237e-07
5969884;LD1;5.72012322600656e-05
5969885;LD1;9.37828727021889e-07
5969886;LD1;9.97309132980116e-07
5969891;LD1;3.35202810891761e-06
5969893;LD1;2.37192523843581e-05
5969894;LD1;8.40359265741971e-07
5969895;LD1;4.53357657345333e-06
5969896;LD1;4.09795959798808e-06
5969899;LD1;4.29895214032441e-05
5969903;LD1;5.6175760717018e-07
5969904;LD1;3.91735830200177e-08
5969906;LD1;7.31096684050277e-06
5969907;LD1;6.77313298333899e-10
5969926;LD1;1.29674369959858e-06
5969930;LD1;3.54749208818302e-06
5969931;LD1;1.42507873745784e-05
5969932;LD1;2.24797452806003e-05
5969933;LD1;2.40888422100986e-06
5969938;LD1;7.47884090337028e-07
5969942;LD1;1.89266091080657e-06
5969953;LD1;1.15826264836192e-05
5969955;LD1;3.50136569406482e-06
5969956;LD1;2.87526443975009e-06
5969960;LD1;8.10185064301692e-06
5969968;LD1;6.12918640012597e-07
5969969;LD1;1.12601090540071e-05
5982355;LD1;1.68999007600494e-07
5982356;LD1;0
5982357;LD1;2.5954886042021e-06
5982360;LD1;8.14162305248607e-07
5982365;LD1;0
5982367;LD1;0
5982370;LD1;0
5982386;LD1;2.07045381083122e-07
5982388;LD1;0
5982394;LD1;0
5982400;LD1;3.29603196273995e-10
5982409;LD1;3.12481951755693e-06
5982410;LD1;0
5982414;LD1;1.35160190184112e-07
5982415;LD1;4.24572387477309e-07
5982423;LD1;0
5982428;LD1;3.63405034253913e-06
5982431;LD1;6.11861358141576e-07
5982435;LD1;2.13039187178159e-08
5982439;LD1;0
5982441;LD1;0
5982452;LD1;0
5982455;LD1;9.36406985367207e-06
5982456;LD1;3.04153220048273e-07
5982468;LD1;3.57286948968943e-07
5982476;LD1;2.64313254930765e-09
5982477;LD1;1.06368822340492e-07
5982481;LD1;2.0408783913012e-07
6003575;LD1;6.14914098637655e-08
6003595;LD1;2.14603214637475e-09
6003597;LD1;2.89783874038838e-07
6003598;LD1;1.54430915568195e-06
6003600;LD1;4.70582461125899e-08
6003604;LD1;1.90455968962184e-08
6003616;LD1;6.98858629517459e-08
6003632;LD1;0.00491228231524583
6003634;LD1;4.33308069035713e-10
6003642;LD1;9.75989665216439e-09
6003646;LD1;4.03380735666683e-07
6003652;LD1;9.25181411216942e-08
6003654;LD1;2.58117516909623e-07
6003672;LD1;2.00329304857842e-07
6003686;LD1;1.13187756485038e-07
6003688;LD1;1.51686363899869e-07
6003693;LD1;9.03012842261275e-07
6003696;LD1;2.00604758296962e-07
6003698;LD1;3.72910059067226e-07
4106;LD2;0.00275835406409856
4108;LD2;7.82505007118736e-07
4109;LD2;7.77218616027285e-05
4111;LD2;0.000390148814446143
4121;LD2;2.24647999788723e-08
4123;LD2;4.11660311232895e-05
4128;LD2;2.33682129669353e-10
4130;LD2;4.97617694879543e-08
4144;LD2;1.07707739942982e-09
4145;LD2;2.0654751858014e-10
4146;LD2;2.51936112408589e-13
4147;LD2;1.73536881246304e-10
4148;LD2;0
4149;LD2;1.5132107633202e-09
4150;LD2;3.90813842336223e-08
4151;LD2;3.21655191233448e-08
4152;LD2;6.97877339145825e-10
4153;LD2;2.60400218815796e-08
4154;LD2;1.1349892860967e-09
4155;LD2;3.71241212733967e-13
4156;LD2;0
4157;LD2;0
4159;LD2;0
4160;LD2;0
4161;LD2;2.26059056174026e-06
4163;LD2;1.03022467602478e-08
4164;LD2;1.33307614231027e-07
4165;LD2;2.37138892221104e-07
4166;LD2;3.4339688024045e-06
4167;LD2;6.2823357995151e-06
4168;LD2;1.61419352532148e-07
4169;LD2;1.45047554515706e-07
4170;LD2;1.19479925915453e-07
4171;LD2;1.2541746003146e-06
4172;LD2;3.62504853625036e-08
4173;LD2;1.04133694462943e-07
4174;LD2;2.6628326633349e-09
4175;LD2;0
4176;LD2;6.01110685189782e-13
4177;LD2;5.92315893174013e-13
4178;LD2;2.96614578677711e-08
4179;LD2;1.05999199377607e-08
4180;LD2;1.65276304915076e-10
4181;LD2;0
4182;LD2;5.82469448000148e-13
4183;LD2;0
4184;LD2;0
4185;LD2;0
4186;LD2;3.03667651379916e-09
4187;LD2;0
4188;LD2;0
4189;LD2;0
4190;LD2;5.74957316580933e-13
4191;LD2;0
4192;LD2;0
4193;LD2;5.7098781357971e-13
4194;LD2;5.68852034032961e-13
4195;LD2;0
4196;LD2;0
4197;LD2;0
4198;LD2;0
4199;LD2;0
4200;LD2;0
4201;LD2;0
4202;LD2;0
4203;LD2;0
4204;LD2;0
4205;LD2;0
4206;LD2;1.07258752377264e-11
4207;LD2;1.07415678109577e-11
4208;LD2;0
4209;LD2;0
4210;LD2;2.87039873573199e-11
4211;LD2;0
4212;LD2;5.10660713631709e-09
4213;LD2;2.46532813944956e-13
4214;LD2;2.86436501717887e-11
4215;LD2;5.8254250227765e-09
4216;LD2;2.538063165457e-08
4217;LD2;6.98447531228331e-09
4218;LD2;0
4219;LD2;0
4220;LD2;0
4221;LD2;0
4222;LD2;1.93681917689602e-08
4223;LD2;1.57366626923805e-10
4224;LD2;1.57301933552562e-10
4225;LD2;0
4226;LD2;0
4227;LD2;3.69517260325571e-10
4228;LD2;1.81374482632274e-10
4229;LD2;0
4230;LD2;5.19714865198665e-08
4231;LD2;3.03922791931185e-11
4232;LD2;0
4233;LD2;0
4234;LD2;0
4235;LD2;0
4236;LD2;0
4237;LD2;0
4238;LD2;1.33962892455485e-09
4239;LD2;0
4240;LD2;0
4241;LD2;0
4242;LD2;1.57792448411629e-11
4243;LD2;0
4244;LD2;0
10999;LD2;0.00454094573889785
12853;LD2;0.00303081247220461
12903;LD2;0.000703391544579246
12927;LD2;0.000430248248754142
15547;LD2;7.9253280525183e-07
15548;LD2;2.71294028005472e-06
15551;LD2;5.20526711215525e-07
15552;LD2;1.36404888637684e-05
15554;LD2;9.50139352803261e-06
15558;LD2;1.03731394144087e-07
15559;LD2;8.23591272715852e-09
15571;LD2;2.82244189092448e-07
15584;LD2;8.19250130455618e-08
15592;LD2;7.66697843582844e-07
15600;LD2;7.22360604576468e-07
15609;LD2;3.55999151603551e-07
15615;LD2;1.64024351284521e-05
15619;LD2;2.34813129183451e-08
15626;LD2;6.33153342809963e-08
15632;LD2;3.62849578504293e-07
15636;LD2;8.16936388048866e-08
15644;LD2;1.02280243466747e-07
15655;LD2;7.60691199576174e-08
15658;LD2;7.02256537860494e-08
15667;LD2;0.0482164934165463
15668;LD2;0.00668594741496328
15670;LD2;0.215844006661203
15673;LD2;0.000421353310388811
15674;LD2;8.96198897833459e-05
15676;LD2;1.12798977414498e-05
15679;LD2;3.69724849636099e-07
22352;LD2;7.25475336229822e-08
22353;LD2;8.96765406118088e-05
22354;LD2;4.74008199233623e-08
22356;LD2;2.19498656436492e-05
22357;LD2;0.00763883092532411
22360;LD2;4.12156838531002e-06
22374;LD2;1.56096947818902e-07
22375;LD2;3.53700710273288e-06
22377;LD2;3.8916469144841e-07
22379;LD2;5.84962092979311e-05
22391;LD2;2.22529827183436e-06
22392;LD2;0.000284867025581329
22401;LD2;2.27211053777456e-05
22402;LD2;4.88470388433896e-06
22409;LD2;1.52238175302592e-07
22410;LD2;1.18319255287134e-05
22411;LD2;0.00070153725993423
22412;LD2;3.95322966574865e-05
22416;LD2;7.47184501380807e-05
22420;LD2;0.0035787717167203
22422;LD2;0.00106161616964004
22434;LD2;1.65553292999843e-05
22436;LD2;1.60328450039688e-05
22444;LD2;0.000100517764424187
22446;LD2;0.00183909759558339
22449;LD2;5.37981788310432e-07
22453;LD2;1.38590226383718e-05
22459;LD2;0.00146783630480197
22461;LD2;3.22760897122131e-06
22462;LD2;0.000412328314328827
22464;LD2;4.04719911857091e-07
22465;LD2;0.00484356684748105
22467;LD2;5.60261532554788e-05
22470;LD2;0.00350461386481468
22474;LD2;0.000119785680429502
22484;LD2;4.69538520874222e-05
22485;LD2;1.28199945322581e-06
25646;LD2;1.67864709937472e-05
1159563;LD2;0.016133022024339
1159570;LD2;0.0163628817015893
1159572;LD2;0.00113736587839757
1159582;LD2;0.00125883311074163
1159583;LD2;0.00182836798790341
1159598;LD2;0.000133419805237225
1159602;LD2;7.12071410354032e-05
1159608;LD2;0.0445655534627045
1159611;LD2;0.000689660488211281
1159616;LD2;0.0489343288569539
1159617;LD2;6.49565534750526e-05
1159619;LD2;0.00293891165695367
1159623;LD2;0.00408147517748898
1159625;LD2;0.000110872762050727
1159629;LD2;0.00202394212698103
1159632;LD2;0.000660788979818402
1159636;LD2;8.89371911911481e-05
1159643;LD2;2.58314137931483e-05
1159644;LD2;0.00201758573038865
1159669;LD2;0.00190634843440869
1159686;LD2;3.71597640169309e-05
1159687;LD2;0.000171068235511572
1802753;LD2;3.89515375463362e-08
1802754;LD2;0
1802755;LD2;0
1802756;LD2;0
1802765;LD2;4.86363686679542e-06
1802766;LD2;0
1802767;LD2;0
1802775;LD2;1.55032617410597e-06
1802777;LD2;0
1802783;LD2;0
1802784;LD2;0
1802787;LD2;6.47908808305116e-08
1802788;LD2;0
1802790;LD2;7.93948426245824e-08
1802791;LD2;0
1802794;LD2;0
1802802;LD2;5.38803420517143e-07
1802803;LD2;2.00926973881218e-05
1802806;LD2;4.17756816538257e-05
1802807;LD2;0
1802815;LD2;1.63507401835484e-07
1802827;LD2;0
1802830;LD2;0
1802834;LD2;0
1802845;LD2;1.53671930521483e-07
1802852;LD2;0
1802853;LD2;0
1802857;LD2;1.3613861875003e-05
1802859;LD2;0
1802864;LD2;1.43479122364365e-07
1802865;LD2;1.54399781949885e-07
1802867;LD2;1.61189434530194e-08
1802869;LD2;0
1802872;LD2;0
1802873;LD2;7.08607763150641e-11
1802876;LD2;1.68706635740265e-05
1802882;LD2;0
1802883;LD2;0
1833227;LD2;1.6588149930049e-05
1833228;LD2;1.0220313206555e-06
1833229;LD2;1.33260822933918e-07
1833231;LD2;3.26586579828235e-06
1833233;LD2;6.90357802785786e-09
1833240;LD2;9.00128920424327e-08
1833241;LD2;6.41384232314303e-07
1833242;LD2;4.28623142862073e-06
1833243;LD2;2.89358927169037e-10
1833258;LD2;8.77922617159607e-06
1833262;LD2;2.46061660620095e-06
1833272;LD2;6.5647840392667e-06
1833278;LD2;4.41896561213757e-07
1833281;LD2;3.18334028158138e-06
1833287;LD2;1.87938684324848e-06
1833288;LD2;1.02742258569776e-07
1833290;LD2;2.79385854374892e-07
1833293;LD2;2.3991597928401e-06
1833296;LD2;1.41035055483935e-06
1833302;LD2;4.54103077321864e-06
1833304;LD2;8.98550827869504e-07
1833310;LD2;7.52703449123019e-10
1833314;LD2;5.84329663967207e-08
1833318;LD2;9.94423586133762e-06
1833324;LD2;1.12619966277416e-06
1833335;LD2;2.62248969998296e-06
1833337;LD2;1.26330508318817e-05
1869947;LD2;4.63451969460005e-08
1869948;LD2;8.54012170768559e-08
1869949;LD2;6.08000381919259e-08
1869954;LD2;2.67664404340309e-07
1869957;LD2;3.28028815793379e-08
1869958;LD2;7.04606762315514e-12
1869965;LD2;5.30550803843955e-08
1869970;LD2;1.43256760540017e-07
1869978;LD2;1.07823704459349e-07
1869992;LD2;1.45085689479006e-07
1869996;LD2;1.61587344424216e-09
1869997;LD2;5.71045503525603e-09
1870002;LD2;1.5356010813115e-08
1870005;LD2;1.23798382806029e-07
1870009;LD2;1.87759265132485e-08
1870017;LD2;1.94272537191068e-08
1870023;LD2;3.97039059998058e-10
1870041;LD2;8.65790157049511e-08
1870042;LD2;1.37510734371499e-08
1870050;LD2;9.72374099762465e-08
1870054;LD2;3.74357302755063e-09
1870060;LD2;4.74392515269891e-09
1870068;LD2;2.46325941579563e-08
2075339;LD2;0
2075343;LD2;0.000143704299311646
2075344;LD2;0.000150336004087224
2075345;LD2;3.18830078641181e-08
2075350;LD2;4.39466622498384e-07
2075361;LD2;1.1334707387749e-06
2075366;LD2;1.14810184511603e-05
2075368;LD2;9.66642858693318e-09
2075385;LD2;6.6383260478949e-07
2075396;LD2;3.06215473631229e-07
2075399;LD2;6.55117355827741e-09
2075403;LD2;2.21649778262445e-05
2075407;LD2;3.72702375885994e-05
2075416;LD2;0.000176983364447554
2075422;LD2;1.18784027483823e-06
2075426;LD2;8.05721777255269e-07
2075430;LD2;2.60401073452869e-09
2075431;LD2;2.70889745608916e-08
2075450;LD2;5.30375505735867e-06
2075453;LD2;2.1662558805659e-07
2075466;LD2;2.37838180006666e-07
2085196;LD2;0.00896592903917155
2253286;LD2;2.35213207292231e-09
2253287;LD2;8.03751452823838e-11
2253296;LD2;2.18645308557551e-08
2253302;LD2;1.39768961294209e-07
2253319;LD2;3.69321743546281e-08
2253330;LD2;3.66321166063816e-08
2253334;LD2;4.47512993180779e-09
2253337;LD2;1.77629525083154e-07
2253364;LD2;2.97645222893995e-08
2253367;LD2;5.04861545009204e-08
2253378;LD2;3.83410510284152e-08
2253379;LD2;8.087639027732e-09
2253390;LD2;2.22929823778434e-09
2253391;LD2;9.49637434595965e-09
2253400;LD2;2.87676510963147e-07
2253401;LD2;3.45653370626349e-10
2253402;LD2;8.85923714215369e-07
2253403;LD2;2.05655891638549e-10
2253413;LD2;1.96717244356741e-07
2258561;LD2;0.0855197922013279
2546401;LD2;1.91545530229031e-05
2546420;LD2;0.00103858263790682
2603495;LD2;0
2603496;LD2;1.15959129390903e-11
2603497;LD2;0
2603498;LD2;0
2603499;LD2;0
2603500;LD2;0
2603501;LD2;0
2603502;LD2;1.66393537517112e-06
2603503;LD2;0
2603504;LD2;0
2603519;LD2;5.45469750617387e-08
2603520;LD2;1.04388559751451e-08
2603521;LD2;1.72965961253781e-07
2603522;LD2;1.23656542859467e-07
2603523;LD2;2.25984337142275e-08
2603524;LD2;0
2603525;LD2;0
2603526;LD2;9.9290210050009e-09
2603527;LD2;0
2603528;LD2;0
2603529;LD2;0
2603530;LD2;0
2603531;LD2;0
2603532;LD2;0
2603533;LD2;0
2603534;LD2;0
2603535;LD2;0
2603536;LD2;0
2603537;LD2;0
2603538;LD2;0
2603539;LD2;0
2603540;LD2;0
2603541;LD2;0
2603542;LD2;0
2603543;LD2;0
2603544;LD2;0
2603545;LD2;0
2603546;LD2;0
2603547;LD2;0
2603548;LD2;0
2603549;LD2;0
2603550;LD2;0
2603551;LD2;0
2603552;LD2;0
2603553;LD2;0
2603554;LD2;0
2603555;LD2;0
2603556;LD2;0
2603557;LD2;0
2603558;LD2;0
2603559;LD2;0
2603560;LD2;0
2603561;LD2;0
2603562;LD2;0
2603563;LD2;0
2603564;LD2;0
2603565;LD2;0
2603566;LD2;0
2603567;LD2;0
2603568;LD2;0
2603569;LD2;0
2603570;LD2;0
2603571;LD2;0
2603572;LD2;0
2603573;LD2;0
2603574;LD2;0
2603575;LD2;0
2603576;LD2;0
2603577;LD2;0
2603578;LD2;0
2603579;LD2;0
2603580;LD2;0
2603581;LD2;0
2603582;LD2;0
2603583;LD2;0
2603584;LD2;0
2603585;LD2;0
2603586;LD2;0
2603587;LD2;0
2603588;LD2;0
2603589;LD2;0
3286450;LD2;0.0281466673478267
3286466;LD2;0.00177053130346981
3286467;LD2;0.0101181893326004
4012481;LD2;0.00212725230674814
5036879;LD2;0.000347644385536964
5036911;LD2;3.58689951445457e-06
5036963;LD2;0.000706052850721129
5036989;LD2;8.03677298171391e-06
5056853;LD2;6.7168590234887e-07
5068958;LD2;7.74793483047471e-07
5068961;LD2;1.99153262748811e-08
5068962;LD2;1.56027852291282e-07
5068963;LD2;8.79500100837124e-07
5068971;LD2;1.9144493982956e-07
5068972;LD2;8.5013986159168e-09
5068975;LD2;9.61832587606106e-11
5068983;LD2;6.25878533473474e-09
5068984;LD2;2.62990986951165e-08
5068985;LD2;8.2120355321072e-11
5068987;LD2;8.79549921039765e-08
5068988;LD2;2.12556293785828e-08
5068996;LD2;1.27235891212729e-10
5069004;LD2;1.85817876081645e-09
5069010;LD2;4.2669835503702e-10
5069013;LD2;4.71861281111558e-09
5069014;LD2;7.50367373450607e-08
5069022;LD2;1.97629576649924e-08
5069035;LD2;1.06479504606248e-07
5069037;LD2;6.23586856263808e-10
5069043;LD2;1.80391986036729e-06
5069049;LD2;3.39015593726234e-09
5069053;LD2;9.5466832350542e-07
5069058;LD2;1.46840779115876e-06
5069061;LD2;3.37751259293548e-08
5069062;LD2;1.3851417481367e-06
5069066;LD2;3.87352732319271e-08
5069070;LD2;1.29147512320899e-06
5069071;LD2;5.29641356062012e-08
5069073;LD2;1.42648494616107e-09
5069074;LD2;1.42719468262224e-07
5069079;LD2;3.87447767690858e-09
5069080;LD2;0
5069088;LD2;2.11875956534709e-06
5069090;LD2;1.66682463053239e-08
5069091;LD2;3.57482384786164e-07
5069781;LD2;1.06277208819036e-09
5069788;LD2;4.40333401094928e-06
5069808;LD2;5.27953735275417e-05
5069810;LD2;9.38170891868435e-06
5069811;LD2;6.54516449267594e-05
5069812;LD2;4.57806098706779e-05
5069819;LD2;7.76649950128185e-07
5069826;LD2;0.000147550882939671
5069830;LD2;8.37560075083418e-05
5069842;LD2;0.000153040913131271
5069859;LD2;2.17584860634537e-05
5069860;LD2;0.00124460805312101
5069865;LD2;6.70271273653228e-05
5069866;LD2;0.00136099081724614
5069870;LD2;8.45122614246167e-07
5069871;LD2;5.96140331142312e-05
5069877;LD2;6.53614574358704e-05
5069884;LD2;3.63220005630349e-07
5069886;LD2;8.27927220833287e-06
5069890;LD2;0.000191253098920711
5069898;LD2;2.48088806344422e-06
5069899;LD2;1.01389225519283e-05
5069906;LD2;2.11761231396244e-05
5069907;LD2;7.24721243721882e-05
5069908;LD2;0.000222312750873769
5069913;LD2;6.73158658079999e-08
5076589;LD2;0.00163790434727582
5076597;LD2;0.00220468964416963
5076674;LD2;3.03470718069781e-05
5096234;LD2;0.00240008381591167
5096267;LD2;0.0001649549919583
5096290;LD2;2.3920124991137e-05
5130706;LD2;4.38036010003328e-08
5130709;LD2;4.33407661530753e-09
5130710;LD2;0
5130711;LD2;0
5130720;LD2;0
5130721;LD2;4.68878229449192e-07
5130723;LD2;0
5130729;LD2;2.26584865569258e-08
5130737;LD2;0
5130738;LD2;0
5130742;LD2;3.01854751255021e-05
5130743;LD2;0
5130747;LD2;0
5130748;LD2;0
5130755;LD2;0
5130759;LD2;4.33407661530763e-09
5130761;LD2;1.22683105523863e-08
5130762;LD2;0
5130770;LD2;4.24477373817325e-07
5130771;LD2;0
5130775;LD2;0
5130787;LD2;0
5130791;LD2;1.72836525616065e-08
5130798;LD2;2.87779285513826e-08
5130801;LD2;7.02337275643212e-08
5130811;LD2;3.16690151403893e-09
5130812;LD2;2.03904378665837e-05
5130819;LD2;0
5130821;LD2;0
5130829;LD2;2.5843335999636e-08
5130830;LD2;0
5130835;LD2;6.8415969707238e-07
5189189;LD2;2.16303628250074e-09
5189190;LD2;7.03295115489152e-07
5189191;LD2;9.30585898846356e-09
5189192;LD2;1.39578795069565e-07
5189197;LD2;3.35466273293085e-09
5189200;LD2;7.57856740342718e-09
5189201;LD2;2.26853067538299e-07
5189208;LD2;4.49000986565958e-08
5189213;LD2;2.03231053290689e-09
5189221;LD2;4.27431349434458e-07
5189235;LD2;3.60710648914997e-08
5189239;LD2;4.20164505130006e-07
5189240;LD2;1.40011004191676e-07
5189245;LD2;4.86869675592429e-08
5189248;LD2;0
5189252;LD2;8.38824767246492e-06
5189260;LD2;0
5189266;LD2;2.24491651562802e-05
5189284;LD2;1.00939703734097e-07
5189285;LD2;3.75607477347179e-09
5189293;LD2;2.01246326305242e-12
5189297;LD2;1.8045721545495e-08
5189303;LD2;5.62971519155527e-09
5189311;LD2;1.33194335143236e-07
5189319;LD2;1.0129110766574e-09
5189320;LD2;1.96711354083847e-08
5230305;LD2;0.0846101056909227
5316213;LD2;0
5316214;LD2;8.44009423389774e-07
5316215;LD2;0.000687962963584739
5316217;LD2;8.36164431211535e-06
5316230;LD2;0.00469360764855939
5316235;LD2;6.62315493910567e-05
5316236;LD2;0.00221694193529984
5316238;LD2;8.85740888282708e-06
5316240;LD2;5.42818122014744e-05
5316247;LD2;2.01684488204239e-05
5316252;LD2;0.00117587998299637
5316253;LD2;0.00144044150418593
5316254;LD2;0.0607345352913272
5316262;LD2;1.37818448256357e-06
5316263;LD2;0.000751236251973141
5316270;LD2;2.42858903552354e-05
5316271;LD2;2.59417956337888e-06
5316272;LD2;9.4018731358222e-05
5316273;LD2;0.000370957477843918
5316277;LD2;0.000163843028229257
5316281;LD2;0.000284925693857431
5316283;LD2;0.000324918140808574
5316297;LD2;0.0295805092881693
5316305;LD2;0.000321690900210974
5316307;LD2;0.000388808180732447
5316310;LD2;0.00318082678169414
5316314;LD2;0.000949731216241293
5316322;LD2;0.000675826609795689
5316323;LD2;9.24222762542063e-07
5316326;LD2;0.0721651288219173
5316328;LD2;0
5316335;LD2;0.000303394369703246
5316338;LD2;0.0174398369514535
5316345;LD2;9.45880690971918e-05
5386168;LD2;2.26120146816745e-05
5468047;LD2;0.003166163783752
5476965;LD2;3.90501388543251e-08
5476966;LD2;2.40383358742874e-09
5476967;LD2;4.42393715140672e-10
5476968;LD2;1.17826679091337e-05
5476978;LD2;5.97726739088422e-05
5476980;LD2;0.000235727009490802
5476983;LD2;0.000210651100959234
5476987;LD2;9.61630694753616e-06
5476988;LD2;1.55914884008984e-07
5476998;LD2;0.00103719834458894
5476999;LD2;2.41143163452756e-05
5477001;LD2;9.98992751343519e-06
5477004;LD2;9.6886383297926e-05
5477007;LD2;3.68558692957489e-05
5477009;LD2;3.80618161903867e-05
5477010;LD2;8.44003167931886e-06
5477023;LD2;1.23593451969948e-06
5477024;LD2;3.02721306467343e-08
5477037;LD2;1.25379376900848e-06
5477039;LD2;9.84693542436492e-06
5477048;LD2;1.09551112924038e-07
5477065;LD2;2.90535176697547e-06
5477068;LD2;1.26735823533963e-06
5477070;LD2;5.62540509768539e-05
5477090;LD2;1.54228277631374e-05
5477097;LD2;4.38824594120341e-06
5538465;LD2;0.018783167832293
5538507;LD2;0.00184818241647068
5538563;LD2;0.000380343560627518
5538576;LD2;0.000619290207605372
5538581;LD2;0.00080765779834701
5568724;LD2;0.0126176508941786
5568733;LD2;6.52903058842898e-05
5594221;LD2;0.000408982134614475
5594241;LD2;0.00245698791170966
5594267;LD2;0.000119278118266035
5594306;LD2;0.00192638580595783
5594321;LD2;0.0044658373292863
5615707;LD2;0.0112521218173473
5615743;LD2;0.000240661559035175
5678259;LD2;2.21652848937545e-08
5678260;LD2;8.4367622531756e-08
5678261;LD2;2.75488228498985e-08
5678262;LD2;2.72045474824135e-08
5678263;LD2;1.66461032166033e-07
5678271;LD2;1.27208259568339e-07
5678274;LD2;6.4353977886237e-09
5678275;LD2;2.17171868501663e-10
5678276;LD2;2.88810541789362e-09
5678277;LD2;4.50992917325554e-09
5678281;LD2;7.79752565448828e-08
5678282;LD2;9.62001017589646e-09
5678283;LD2;3.87086659892958e-08
5678284;LD2;1.03003545627562e-08
5678285;LD2;5.70144302444143e-08
5678286;LD2;8.71551678458536e-08
5678296;LD2;1.79130106224969e-06
5678304;LD2;7.34280778465743e-08
5678333;LD2;8.90497686805741e-06
5678335;LD2;2.17834756148523e-08
5678337;LD2;1.17378817751777e-09
5678338;LD2;2.33079484688714e-09
5678339;LD2;1.31982042510183e-08
5678346;LD2;2.24011331163355e-09
5678351;LD2;1.53068720179826e-08
5678355;LD2;1.92114519647441e-08
5678356;LD2;6.2316359228911e-09
5678357;LD2;3.8334273747873e-08
5678358;LD2;1.01199160949198e-08
5678359;LD2;2.74087594827449e-10
5678369;LD2;4.36436330907572e-06
5678371;LD2;8.54131014193448e-12
5678373;LD2;1.4089420298252e-07
5678375;LD2;3.61900694293192e-08
5678378;LD2;1.12678871981956e-07
5678382;LD2;5.70860771388895e-08
5678389;LD2;2.68710455958702e-06
5678391;LD2;2.78032625788611e-08
5763477;LD2;0.000594290278762833
5763490;LD2;0.00341130023979094
5763505;LD2;0.000352938626627687
5765157;LD2;0.00331941792763496
5853699;LD2;3.06614177362093e-06
5853700;LD2;2.85468544201243e-07
5853701;LD2;0
5853703;LD2;1.05709475156182e-08
5853704;LD2;0.00387189231734815
5853707;LD2;0.00135121084224085
5853715;LD2;0.000633184482011402
5853716;LD2;0.00184895346890199
5853721;LD2;3.59638786847532e-05
5853722;LD2;0.000806031912014702
5853724;LD2;0.000206423018567308
5853726;LD2;3.25941856179771e-05
5853733;LD2;6.96898067084629e-05
5853738;LD2;3.853166869027e-05
5853739;LD2;3.34315511317485e-05
5853740;LD2;0.000490594919274947
5853748;LD2;1.81833998870698e-06
5853749;LD2;6.19894251035115e-06
5853756;LD2;5.25524731733528e-05
5853757;LD2;8.81754117612303e-05
5853758;LD2;6.74926006464165e-05
5853759;LD2;5.78646914358432e-09
5853763;LD2;7.95285735774898e-06
5853767;LD2;0.000253392985501915
5853769;LD2;0.000167174057892563
5853781;LD2;3.30566563882357e-05
5853783;LD2;0.00156410979427487
5853791;LD2;0.00576059433722669
5853793;LD2;0.000174430177333272
5853796;LD2;0.000383608882747612
5853800;LD2;0.00017911506183979
5853808;LD2;0.000780448154687162
5853809;LD2;0.000157643139588013
5853811;LD2;6.88822765873023e-06
5853812;LD2;0.00408704010813556
5853814;LD2;5.44801612185884e-06
5853821;LD2;4.46147187484794e-05
5853824;LD2;0.014364523310831
5853831;LD2;0.000130828688772347
5873919;LD2;0.00342768716275432
5873942;LD2;0.00199470735942317
5901568;LD2;1.36085360390231e-07
5901571;LD2;1.03819094031429e-06
5901572;LD2;1.32521122904463e-10
5901573;LD2;1.38616127171048e-06
5901580;LD2;0
5901593;LD2;1.20501727905808e-07
5901599;LD2;0
5901604;LD2;6.3230806308448e-08
5901609;LD2;5.0007257619632e-07
5901615;LD2;1.42663491364621e-05
5901618;LD2;1.9007000405755e-07
5901619;LD2;2.96842771874384e-05
5901625;LD2;2.46497818102017e-05
5901648;LD2;0
5901656;LD2;1.14446345194022e-08
5901661;LD2;1.46475603817233e-09
5901670;LD2;2.50530134563752e-06
5901680;LD2;1.89940226157005e-07
5901687;LD2;4.13189915012381e-08
5901690;LD2;2.64854964956666e-09
5901693;LD2;6.79125710831128e-09
5901694;LD2;1.54473267140279e-07
5969843;LD2;5.6876728111584e-10
5969844;LD2;1.57844782388532e-05
5969845;LD2;3.78979851510906e-06
5969846;LD2;4.82994502717527e-06
5969848;LD2;3.26528914112546e-05
5969857;LD2;1.80428958608158e-06
5969869;LD2;5.33192474909893e-07
5969872;LD2;2.27302931967115e-06
5969880;LD2;5.4391698573893e-06
5969882;LD2;1.26052165742007e-08
5969884;LD2;1.21494918984296e-06
5969885;LD2;4.87652602643697e-07
5969886;LD2;1.9666895798632e-07
5969891;LD2;1.41028965227862e-06
5969893;LD2;0.000119431642348302
5969894;LD2;2.05504197213927e-06
5969895;LD2;2.14311327723179e-08
5969896;LD2;7.69353896333311e-06
5969899;LD2;3.62525167674232e-07
5969903;LD2;5.54682813981535e-07
5969904;LD2;4.78421730301158e-05
5969906;LD2;4.42065124119967e-06
5969907;LD2;1.79221936922513e-05
5969926;LD2;7.20848670746727e-06
5969930;LD2;1.22892420842106e-09
5969931;LD2;1.33614707637999e-05
5969932;LD2;2.68663134930813e-05
5969933;LD2;1.63519623049641e-06
5969938;LD2;6.62973839353793e-05
5969942;LD2;4.12596837800738e-07
5969953;LD2;9.32323517631879e-06
5969955;LD2;4.42578914649727e-06
5969956;LD2;6.46689259536027e-07
5969960;LD2;8.46042118389733e-08
5969968;LD2;3.26346476787528e-06
5969969;LD2;1.03691454707578e-06
5982355;LD2;1.26859077319163e-06
5982356;LD2;0
5982357;LD2;3.18746142138125e-07
5982360;LD2;3.02132929114041e-08
5982365;LD2;0
5982367;LD2;0
5982370;LD2;0
5982386;LD2;5.01692198404631e-07
5982388;LD2;0
5982394;LD2;0
5982400;LD2;1.30241354273564e-08
5982409;LD2;1.41722187884553e-07
5982410;LD2;0
5982414;LD2;8.53849238486959e-08
5982415;LD2;7.57369630301161e-09
5982423;LD2;0
5982428;LD2;2.35616079280959e-07
5982431;LD2;9.96876615806871e-08
5982435;LD2;6.68960535854702e-10
5982439;LD2;0
5982441;LD2;0
5982452;LD2;0
5982455;LD2;7.73671995161536e-05
5982456;LD2;1.46878909009218e-06
5982468;LD2;6.12092414040007e-08
5982476;LD2;6.31917268192062e-09
5982477;LD2;2.31428652418119e-09
5982481;LD2;2.96717787117734e-07
6003575;LD2;1.22936793635204e-06
6003595;LD2;2.93810562841305e-08
6003597;LD2;5.75404743869495e-07
6003598;LD2;1.81149048851451e-06
6003600;LD2;2.32286434320831e-07
6003604;LD2;4.34782223219349e-10
6003616;LD2;6.21542390633661e-07
6003632;LD2;9.1089761979641e-05
6003634;LD2;6.20489025576166e-08
6003642;LD2;2.66613658720378e-08
6003646;LD2;8.51303512402472e-10
6003652;LD2;5.09102618568291e-08
6003654;LD2;3.7112007464476e-08
6003672;LD2;4.6159126451492e-08
6003686;LD2;2.69110600048037e-10
6003688;LD2;8.70733885881945e-09
6003693;LD2;3.50932986958351e-07
6003696;LD2;4.21941477179005e-07
6003698;LD2;1.12255223745808e-07
4106;LD3;0.000123387927216474
4108;LD3;5.88877970807754e-06
4109;LD3;0.0317663935746823
4111;LD3;0.000519114415836289
4121;LD3;6.03207375701237e-08
4123;LD3;2.35473001111589e-06
4128;LD3;1.10734844178888e-09
4130;LD3;3.38224542372872e-08
4144;LD3;8.47971074959578e-10
4145;LD3;1.20628895962154e-10
4146;LD3;1.74982177506636e-10
4147;LD3;4.3979051455178e-10
4148;LD3;0
4149;LD3;2.70859268139146e-10
4150;LD3;3.81376317765389e-11
4151;LD3;1.58038570628467e-07
4152;LD3;3.14347815527172e-10
4153;LD3;5.45988468931612e-08
4154;LD3;5.05215635009455e-09
4155;LD3;1.91401586992391e-09
4156;LD3;0
4157;LD3;0
4159;LD3;0
4160;LD3;0
4161;LD3;3.18023390864821e-08
4163;LD3;5.12111508687447e-07
4164;LD3;1.62134600007249e-08
4165;LD3;1.32726278388494e-09
4166;LD3;2.82935971790196e-07
4167;LD3;1.43034125653748e-05
4168;LD3;1.0196063724074e-05
4169;LD3;1.25615672994873e-10
4170;LD3;3.08360298605827e-07
4171;LD3;3.51656615863012e-09
4172;LD3;1.71044756331216e-07
4173;LD3;4.62807776659685e-09
4174;LD3;4.26249575042517e-08
4175;LD3;0
4176;LD3;1.05582724747339e-10
4177;LD3;1.04037954162672e-10
4178;LD3;1.05907354883516e-09
4179;LD3;2.37339086733674e-09
4180;LD3;1.4378217105439e-11
4181;LD3;0
4182;LD3;1.02308464842076e-10
4183;LD3;0
4184;LD3;0
4185;LD3;0
4186;LD3;9.99966632447353e-13
4187;LD3;0
4188;LD3;0
4189;LD3;0
4190;LD3;1.00988988540217e-10
4191;LD3;0
4192;LD3;0
4193;LD3;1.00291760969509e-10
4194;LD3;9.99166197025827e-11
4195;LD3;0
4196;LD3;0
4197;LD3;0
4198;LD3;0
4199;LD3;0
4200;LD3;0
4201;LD3;0
4202;LD3;0
4203;LD3;0
4204;LD3;0
4205;LD3;0
4206;LD3;1.5165376266316e-14
4207;LD3;1.51875640852459e-14
4208;LD3;0
4209;LD3;0
4210;LD3;2.2574705250648e-10
4211;LD3;0
4212;LD3;7.56589223259751e-10
4213;LD3;1.71229317617505e-10
4214;LD3;2.25272521159297e-10
4215;LD3;2.93306902119077e-09
4216;LD3;7.70893859124354e-10
4217;LD3;1.6319458575879e-07
4218;LD3;0
4219;LD3;0
4220;LD3;0
4221;LD3;0
4222;LD3;4.07228029989983e-09
4223;LD3;1.06960134102447e-10
4224;LD3;1.0691616282468e-10
4225;LD3;0
4226;LD3;0
4227;LD3;1.95508925374054e-11
4228;LD3;1.05927215906732e-10
4229;LD3;0
4230;LD3;7.20853454091917e-11
4231;LD3;2.39024890911223e-10
4232;LD3;0
4233;LD3;0
4234;LD3;0
4235;LD3;0
4236;LD3;0
4237;LD3;0
4238;LD3;7.13456374251391e-09
4239;LD3;0
4240;LD3;0
4241;LD3;0
4242;LD3;1.2409836895926e-10
4243;LD3;0
4244;LD3;0
10999;LD3;0.000396789366661583
12853;LD3;3.62199727010573e-05
12903;LD3;0.000223209670106372
12927;LD3;0.000923054068752581
15547;LD3;1.76928898919291e-07
15548;LD3;1.59503741970677e-07
15551;LD3;4.41443182778094e-08
15552;LD3;8.25565268196723e-06
15554;LD3;5.37162504938202e-08
15558;LD3;5.31708459920656e-07
15559;LD3;2.21406190092784e-08
15571;LD3;8.46474800165379e-08
15584;LD3;6.88064438766129e-08
15592;LD3;4.14286116037373e-08
15600;LD3;1.2344651593902e-06
15609;LD3;2.0139152505331e-06
15615;LD3;5.8824754310314e-06
15619;LD3;6.04905422834329e-07
15626;LD3;2.43656172175344e-08
15632;LD3;1.35287788840514e-06
15636;LD3;1.12909634965631e-06
15644;LD3;1.20728570843516e-06
15655;LD3;1.75505494430204e-08
15658;LD3;2.57564002487391e-10
15667;LD3;0.000123729990097819
15668;LD3;0.00805286423572852
15670;LD3;0.000505692821477633
15673;LD3;1.63892122789315e-05
15674;LD3;2.36068693835343e-06
15676;LD3;7.09439430746315e-08
15679;LD3;6.11089476605524e-07
22352;LD3;2.10719624921143e-07
22353;LD3;6.07783941579774e-06
22354;LD3;1.5161830179185e-06
22356;LD3;3.77260087237782e-06
22357;LD3;0.00163144688920532
22360;LD3;0.00670834341316243
22374;LD3;3.53457814145259e-06
22375;LD3;0.000153623235933869
22377;LD3;1.30619754654408e-05
22379;LD3;3.33589514361395e-05
22391;LD3;8.12357281838178e-06
22392;LD3;5.83547905465979e-05
22401;LD3;2.70583247798131e-05
22402;LD3;1.24095412694582e-07
22409;LD3;6.94321513048851e-06
22410;LD3;0.000276897614752046
22411;LD3;0.000311982837580706
22412;LD3;1.81778600171388e-06
22416;LD3;4.235833882899e-05
22420;LD3;0.00122501894457753
22422;LD3;0.00228528465038121
22434;LD3;0.000307481212076225
22436;LD3;2.67699789107066e-05
22444;LD3;5.48262745389719e-05
22446;LD3;0.00105827962550674
22449;LD3;5.92537158695031e-06
22453;LD3;3.43024468855597e-05
22459;LD3;0.046696395040841
22461;LD3;1.1055849380727e-06
22462;LD3;0.000393497294002885
22464;LD3;1.20954064120189e-06
22465;LD3;0.000594102845673071
22467;LD3;2.02784942942113e-06
22470;LD3;0.000205909157290501
22474;LD3;4.79216337140101e-05
22484;LD3;1.86628255560068e-05
22485;LD3;2.49097689962097e-05
25646;LD3;5.44339586794799e-06
1159563;LD3;0.227379960745198
1159570;LD3;0.007582112762367
1159572;LD3;0.000924222742997274
1159582;LD3;0.00965008738079984
1159583;LD3;0.000488941851131897
1159598;LD3;0.0166982914136596
1159602;LD3;0.00094752595174907
1159608;LD3;0.00215653556250175
1159611;LD3;0.00185726436193998
1159616;LD3;0.0114001127401956
1159617;LD3;0.00526241136843201
1159619;LD3;0.000391149006886227
1159623;LD3;4.37795762331959e-07
1159625;LD3;0.00182432490651323
1159629;LD3;2.64305374472113e-05
1159632;LD3;0.00268611394688429
1159636;LD3;0.0157337180249075
1159643;LD3;0.00252492262759101
1159644;LD3;6.72761372136906e-06
1159669;LD3;0.00107444546011827
1159686;LD3;0.00271914974564969
1159687;LD3;0.00463985604854785
1802753;LD3;9.93688083045316e-07
1802754;LD3;0
1802755;LD3;0
1802756;LD3;0
1802765;LD3;2.1487350026624e-05
1802766;LD3;0
1802767;LD3;0
1802775;LD3;1.63962095013504e-08
1802777;LD3;0
1802783;LD3;0
1802784;LD3;0
1802787;LD3;1.98504718371905e-07
1802788;LD3;0
1802790;LD3;3.18199613518679e-09
1802791;LD3;0
1802794;LD3;0
1802802;LD3;2.23248749112036e-09
1802803;LD3;6.87490752411816e-06
1802806;LD3;2.70326524503886e-07
1802807;LD3;0
1802815;LD3;1.34426284977837e-07
1802827;LD3;0
1802830;LD3;0
1802834;LD3;0
1802845;LD3;5.07481380548469e-05
1802852;LD3;0
1802853;LD3;0
1802857;LD3;3.22598990400023e-06
1802859;LD3;0
1802864;LD3;6.38665904637764e-07
1802865;LD3;1.21430152713404e-06
1802867;LD3;1.27913222906574e-08
1802869;LD3;0
1802872;LD3;0
1802873;LD3;4.31652185437998e-08
1802876;LD3;7.49904027844845e-05
1802882;LD3;0
1802883;LD3;0
1833227;LD3;1.05727381609407e-06
1833228;LD3;4.76547572945916e-06
1833229;LD3;3.05186798128386e-08
1833231;LD3;3.8331417596877e-06
1833233;LD3;2.94998406299953e-08
1833240;LD3;2.00836397068158e-07
1833241;LD3;5.14941527831437e-06
1833242;LD3;2.20371287547878e-07
1833243;LD3;2.78116368354808e-06
1833258;LD3;8.38806241117192e-07
1833262;LD3;1.02283363200087e-06
1833272;LD3;1.81740736460398e-07
1833278;LD3;7.27747488965359e-08
1833281;LD3;4.37996616480612e-09
1833287;LD3;1.01414735649212e-07
1833288;LD3;1.8414426762697e-10
1833290;LD3;7.79216443240667e-06
1833293;LD3;2.98597064683615e-07
1833296;LD3;1.52846077718976e-06
1833302;LD3;3.68755656753425e-07
1833304;LD3;2.97110523303232e-07
1833310;LD3;2.92267876320032e-08
1833314;LD3;1.4400510479957e-06
1833318;LD3;6.11527177159255e-07
1833324;LD3;1.12063337364829e-07
1833335;LD3;6.83483182540954e-09
1833337;LD3;7.41953992350569e-07
1869947;LD3;9.38464010275057e-09
1869948;LD3;1.27272367716938e-08
1869949;LD3;1.42820437157104e-12
1869954;LD3;8.17207397590342e-07
1869957;LD3;2.19878079708894e-09
1869958;LD3;2.86712494230105e-08
1869965;LD3;2.05706025852195e-08
1869970;LD3;4.13037650422115e-10
1869978;LD3;2.90488078888238e-08
1869992;LD3;6.36492144509661e-08
1869996;LD3;4.03287022747585e-09
1869997;LD3;1.79910518656323e-09
1870002;LD3;1.07768122232664e-10
1870005;LD3;7.82457717006029e-08
1870009;LD3;1.82683355972821e-09
1870017;LD3;4.08638758964576e-09
1870023;LD3;3.28812810500091e-09
1870041;LD3;2.48820721836433e-09
1870042;LD3;2.86060599688879e-10
1870050;LD3;4.70736951096482e-09
1870054;LD3;1.48133012024222e-08
1870060;LD3;8.23368549468328e-09
1870068;LD3;2.21853964629832e-08
2075339;LD3;0
2075343;LD3;1.72113767298775e-05
2075344;LD3;1.47288809013684e-05
2075345;LD3;2.53010273517093e-08
2075350;LD3;6.27441504641268e-06
2075361;LD3;1.88373002746669e-06
2075366;LD3;1.38406231294316e-05
2075368;LD3;7.94717590370881e-09
2075385;LD3;1.23149638451213e-07
2075396;LD3;1.98878632653542e-06
2075399;LD3;9.99974604380942e-07
2075403;LD3;4.07121509013075e-06
2075407;LD3;8.78436204557918e-06
2075416;LD3;3.3984608890532e-06
2075422;LD3;4.82152726934145e-09
2075426;LD3;7.28389289777497e-07
2075430;LD3;5.79447411141924e-08
2075431;LD3;5.6187594707599e-07
2075450;LD3;3.38876870176293e-06
2075453;LD3;2.68871149638005e-07
2075466;LD3;8.88661828490718e-09
2085196;LD3;0.00770963254762286
2253286;LD3;1.33748584653489e-06
2253287;LD3;2.37790533029996e-08
2253296;LD3;6.33870681191878e-08
2253302;LD3;1.56503686848947e-08
2253319;LD3;7.16980132288756e-10
2253330;LD3;1.93182418239624e-08
2253334;LD3;1.41066067500892e-08
2253337;LD3;5.94948014005245e-08
2253364;LD3;1.18918024524626e-08
2253367;LD3;3.15518270900723e-08
2253378;LD3;5.52584913736592e-08
2253379;LD3;8.26770935156179e-09
2253390;LD3;9.2118000092926e-10
2253391;LD3;1.99667055297861e-09
2253400;LD3;6.97014709821288e-09
2253401;LD3;3.82157800637993e-08
2253402;LD3;4.77029033747514e-07
2253403;LD3;1.20216646583121e-08
2253413;LD3;4.87516800228372e-08
2258561;LD3;0.00564674273998491
2546401;LD3;0.0031907911349646
2546420;LD3;0.000390131331198413
2603495;LD3;0
2603496;LD3;7.27723762631439e-10
2603497;LD3;0
2603498;LD3;0
2603499;LD3;0
2603500;LD3;0
2603501;LD3;0
2603502;LD3;4.73499986677929e-07
2603503;LD3;0
2603504;LD3;0
2603519;LD3;2.30954973824909e-07
2603520;LD3;8.60909212251559e-08
2603521;LD3;2.20751962226324e-06
2603522;LD3;1.57819632721256e-06
2603523;LD3;1.00591980726238e-07
2603524;LD3;0
2603525;LD3;0
2603526;LD3;3.04202920695324e-08
2603527;LD3;0
2603528;LD3;0
2603529;LD3;0
2603530;LD3;0
2603531;LD3;0
2603532;LD3;0
2603533;LD3;0
2603534;LD3;0
2603535;LD3;0
2603536;LD3;0
2603537;LD3;0
2603538;LD3;0
2603539;LD3;0
2603540;LD3;0
2603541;LD3;0
2603542;LD3;0
2603543;LD3;0
2603544;LD3;0
2603545;LD3;0
2603546;LD3;0
2603547;LD3;0
2603548;LD3;0
2603549;LD3;0
2603550;LD3;0
2603551;LD3;0
2603552;LD3;0
2603553;LD3;0
2603554;LD3;0
2603555;LD3;0
2603556;LD3;0
2603557;LD3;0
2603558;LD3;0
2603559;LD3;0
2603560;LD3;0
2603561;LD3;0
2603562;LD3;0
2603563;LD3;0
2603564;LD3;0
2603565;LD3;0
2603566;LD3;0
2603567;LD3;0
2603568;LD3;0
2603569;LD3;0
2603570;LD3;0
2603571;LD3;0
2603572;LD3;0
2603573;LD3;0
2603574;LD3;0
2603575;LD3;0
2603576;LD3;0
2603577;LD3;0
2603578;LD3;0
2603579;LD3;0
2603580;LD3;0
2603581;LD3;0
2603582;LD3;0
2603583;LD3;0
2603584;LD3;0
2603585;LD3;0
2603586;LD3;0
2603587;LD3;0
2603588;LD3;0
2603589;LD3;0
3286450;LD3;0.31100862063929
3286466;LD3;0.000945860439403942
3286467;LD3;0.00277797481598727
4012481;LD3;0.000985828939755648
5036879;LD3;0.00683754168000104
5036911;LD3;0.00800999849232971
5036963;LD3;0.00334548842637459
5036989;LD3;0.00889380593754794
5056853;LD3;1.08973047943659e-06
5068958;LD3;1.85861655484461e-07
5068961;LD3;3.46570275519724e-09
5068962;LD3;4.70534423245658e-08
5068963;LD3;1.84335088455415e-07
5068971;LD3;1.10506065949311e-07
5068972;LD3;6.69612117700234e-08
5068975;LD3;4.67296941717558e-11
5068983;LD3;2.16091953162385e-08
5068984;LD3;6.72167044831751e-08
5068985;LD3;6.6421114194081e-09
5068987;LD3;6.0343843688835e-08
5068988;LD3;2.07532782801131e-08
5068996;LD3;1.14630332864644e-09
5069004;LD3;1.16193722795691e-08
5069010;LD3;1.56933812425397e-07
5069013;LD3;1.31106281678629e-07
5069014;LD3;9.7266103029122e-08
5069022;LD3;3.6234070258014e-11
5069035;LD3;1.21843571046064e-07
5069037;LD3;4.90429754692035e-09
5069043;LD3;1.97708170452801e-07
5069049;LD3;1.38549188903642e-10
5069053;LD3;3.94400660056285e-08
5069058;LD3;1.83751526077775e-09
5069061;LD3;1.70166648631088e-07
5069062;LD3;3.06436781261885e-06
5069066;LD3;3.02526318446073e-08
5069070;LD3;5.18135464448381e-07
5069071;LD3;1.33292674998421e-08
5069073;LD3;6.55162182408722e-09
5069074;LD3;6.99810364244621e-08
5069079;LD3;9.07840293815479e-09
5069080;LD3;0
5069088;LD3;4.61168494561856e-07
5069090;LD3;9.22997774940164e-08
5069091;LD3;4.49837713644928e-08
5069781;LD3;9.81705668545367e-09
5069788;LD3;2.67860095793604e-06
5069808;LD3;8.48297988022549e-06
5069810;LD3;7.82357109449534e-05
5069811;LD3;0.000187803264572132
5069812;LD3;0.000279925628488801
5069819;LD3;0.00246236141591178
5069826;LD3;6.2125426970198e-05
5069830;LD3;4.7672302399215e-06
5069842;LD3;1.73884852552468e-05
5069859;LD3;1.78597014667454e-06
5069860;LD3;0.000748196813982226
5069865;LD3;7.15110305339755e-05
5069866;LD3;0.000255835028479203
5069870;LD3;0.000228982040486917
5069871;LD3;4.67460513010868e-05
5069877;LD3;5.41650388763706e-07
5069884;LD3;5.05752793444665e-13
5069886;LD3;7.24333436360384e-05
5069890;LD3;5.52634580911069e-05
5069898;LD3;0.000161195094270242
5069899;LD3;0.000224844705849536
5069906;LD3;2.88366258480697e-05
5069907;LD3;2.52074012796964e-06
5069908;LD3;0.000122912087559477
5069913;LD3;3.80751191681422e-05
5076589;LD3;0.0011819907930566
5076597;LD3;0.00108050546864636
5076674;LD3;0.000121354217468894
5096234;LD3;0.00398105074906417
5096267;LD3;1.65372348688836e-06
5096290;LD3;0.000306474695710289
5130706;LD3;3.17347339694961e-08
5130709;LD3;5.53146937312468e-08
5130710;LD3;0
5130711;LD3;0
5130720;LD3;0
5130721;LD3;1.50992279802448e-07
5130723;LD3;0
5130729;LD3;9.38835684404237e-11
5130737;LD3;0
5130738;LD3;0
5130742;LD3;1.47328959062456e-05
5130743;LD3;0
5130747;LD3;0
5130748;LD3;0
5130755;LD3;0
5130759;LD3;5.53146937312481e-08
5130761;LD3;3.75873502549091e-08
5130762;LD3;0
5130770;LD3;2.20112743670085e-08
5130771;LD3;0
5130775;LD3;0
5130787;LD3;0
5130791;LD3;2.20586766884993e-07
5130798;LD3;5.05472982580563e-06
5130801;LD3;2.54208822294078e-09
5130811;LD3;2.37546270109004e-09
5130812;LD3;1.77386675404771e-06
5130819;LD3;0
5130821;LD3;0
5130829;LD3;4.72415337267664e-08
5130830;LD3;0
5130835;LD3;8.22409792861211e-09
5189189;LD3;8.96236226356464e-12
5189190;LD3;2.00134111446798e-07
5189191;LD3;8.16300042831545e-10
5189192;LD3;5.72702680711673e-08
5189197;LD3;2.45827834634332e-08
5189200;LD3;5.20563111989717e-09
5189201;LD3;2.67610912031628e-07
5189208;LD3;6.35364027508323e-11
5189213;LD3;4.97985141473733e-09
5189221;LD3;8.88756242882536e-08
5189235;LD3;3.42674734311538e-08
5189239;LD3;1.03320019433648e-07
5189240;LD3;3.85532050293115e-08
5189245;LD3;4.35928976393971e-08
5189248;LD3;0
5189252;LD3;1.19701047268724e-06
5189260;LD3;0
5189266;LD3;3.85902688127439e-07
5189284;LD3;1.80678428559489e-08
5189285;LD3;3.41152674375706e-09
5189293;LD3;3.85266732137e-08
5189297;LD3;1.33608573606156e-09
5189303;LD3;1.89335395957199e-09
5189311;LD3;1.57304132677168e-07
5189319;LD3;1.22923179850329e-08
5189320;LD3;2.27856161132827e-09
5230305;LD3;0.00234049247949999
5316213;LD3;0
5316214;LD3;4.01213707845561e-06
5316215;LD3;7.12371531825167e-06
5316217;LD3;1.57412407810553e-05
5316230;LD3;0.000405947555833398
5316235;LD3;0.000116329580719956
5316236;LD3;0.00125409012632986
5316238;LD3;0.000173086434280402
5316240;LD3;0.000297289139687229
5316247;LD3;2.06110413588549e-05
5316252;LD3;7.16546139835691e-05
5316253;LD3;0.000854124648699699
5316254;LD3;0.00172954922719358
5316262;LD3;2.51931672891031e-06
5316263;LD3;2.14560281775541e-05
5316270;LD3;3.78146134992771e-06
5316271;LD3;5.92815263085096e-05
5316272;LD3;0.000154821615050161
5316273;LD3;0.0127871634583619
5316277;LD3;0.00286401326932058
5316281;LD3;7.76174590289664e-07
5316283;LD3;2.85841395820824e-05
5316297;LD3;0.00244734609778933
5316305;LD3;1.62915813464696e-06
5316307;LD3;0.000374513985707421
5316310;LD3;3.88773625829014e-05
5316314;LD3;0.00101572747955251
5316322;LD3;1.30034361145906e-05
5316323;LD3;9.70664494387989e-05
5316326;LD3;0.000678156168914372
5316328;LD3;0
5316335;LD3;5.90042870081248e-05
5316338;LD3;0.0231059137971374
5316345;LD3;0.000199068258761885
5386168;LD3;0.00031343049699556
5468047;LD3;0.00381013801725988
5476965;LD3;8.14779085993854e-08
5476966;LD3;4.8163300696644e-09
5476967;LD3;1.65250767716583e-08
5476968;LD3;2.36115424046529e-05
5476978;LD3;1.67464443438775e-05
5476980;LD3;6.13214653806644e-07
5476983;LD3;7.94723359782426e-07
5476987;LD3;1.86290131159444e-05
5476988;LD3;1.76233346180794e-05
5476998;LD3;0.000481954652698259
5476999;LD3;2.98674342066452e-05
5477001;LD3;0.000834829859623961
5477004;LD3;1.60532767477338e-05
5477007;LD3;1.73829399424798e-05
5477009;LD3;3.02145597806993e-05
5477010;LD3;2.02533749990631e-05
5477023;LD3;1.17226338429836e-05
5477024;LD3;3.05158849442423e-06
5477037;LD3;1.71113669439496e-07
5477039;LD3;6.10587461809784e-05
5477048;LD3;3.95041751458059e-06
5477065;LD3;7.53929270591397e-06
5477068;LD3;3.45160285803694e-06
5477070;LD3;7.49757651218993e-06
5477090;LD3;5.11427669915857e-05
5477097;LD3;5.55492412283408e-08
5538465;LD3;0.0148187601313482
5538507;LD3;0.00162188355542814
5538563;LD3;0.000313434757267793
5538576;LD3;0.0142035981864792
5538581;LD3;0.0124249693421927
5568724;LD3;0.00179475146491393
5568733;LD3;0.00601885291380396
5594221;LD3;0.000933162225928802
5594241;LD3;0.00408056282047226
5594267;LD3;4.23082080367157e-05
5594306;LD3;0.00246357538694265
5594321;LD3;0.00338398338971004
5615707;LD3;0.00101835677545558
5615743;LD3;0.010698765865729
5678259;LD3;1.13450027018547e-07
5678260;LD3;2.36155166798527e-08
5678261;LD3;9.0864678262401e-09
5678262;LD3;5.05654152760576e-08
5678263;LD3;6.60020124307816e-08
5678271;LD3;5.39181791977777e-08
5678274;LD3;2.26162859816738e-08
5678275;LD3;6.92272379390184e-09
5678276;LD3;3.4182967744948e-07
5678277;LD3;3.58235567807563e-09
5678281;LD3;1.39321068012912e-07
5678282;LD3;6.92573247998046e-09
5678283;LD3;4.55694986047296e-09
5678284;LD3;4.67657400258246e-09
5678285;LD3;1.70515440455095e-07
5678286;LD3;1.23267694316852e-08
5678296;LD3;1.38806042716862e-07
5678304;LD3;1.20490179433311e-08
5678333;LD3;1.67691890773151e-06
5678335;LD3;4.97711305607603e-10
5678337;LD3;1.49298736354967e-09
5678338;LD3;3.29024788287775e-08
5678339;LD3;1.16022562587965e-08
5678346;LD3;9.09165593838034e-09
5678351;LD3;4.77997174936489e-08
5678355;LD3;5.94258108656245e-09
5678356;LD3;6.60229331923919e-09
5678357;LD3;5.82348337014244e-08
5678358;LD3;1.39110925228807e-07
5678359;LD3;1.45607405528407e-08
5678369;LD3;1.29752849472894e-08
5678371;LD3;3.95052601690701e-09
5678373;LD3;3.16919449585148e-08
5678375;LD3;4.27800370483942e-09
5678378;LD3;3.41903091234706e-08
5678382;LD3;1.10680200704312e-08
5678389;LD3;1.29548182587571e-06
5678391;LD3;3.97870553145634e-10
5763477;LD3;0.000653219259067706
5763490;LD3;0.000441948763395383
5763505;LD3;0.000508964805897761
5765157;LD3;0.00351512463180164
5853699;LD3;1.03118745268009e-06
5853700;LD3;2.93673216998471e-08
5853701;LD3;0
5853703;LD3;1.07445422313297e-05
5853704;LD3;0.00194141630079281
5853707;LD3;0.000114432087593949
5853715;LD3;0.000139287273757933
5853716;LD3;0.00233338899273762
5853721;LD3;1.01615152425561e-05
5853722;LD3;6.28942847412174e-06
5853724;LD3;1.59612225718729e-06
5853726;LD3;7.50116715078137e-07
5853733;LD3;5.59954018963988e-05
5853738;LD3;9.84200833671034e-05
5853739;LD3;1.45984651144418e-05
5853740;LD3;0.0103034849787528
5853748;LD3;1.13070064254206e-06
5853749;LD3;0.000198142525507599
5853756;LD3;0.000124397555293055
5853757;LD3;0.000111002875332142
5853758;LD3;4.64727168145004e-05
5853759;LD3;2.05951646746596e-05
5853763;LD3;2.32809641582013e-05
5853767;LD3;8.21233236325329e-05
5853769;LD3;0.0001162038018271
5853781;LD3;6.75396265876392e-06
5853783;LD3;0.00646202702047774
5853791;LD3;0.00157409712813959
5853793;LD3;6.56328819291482e-07
5853796;LD3;4.78721128125323e-05
5853800;LD3;0.000276276715881492
5853808;LD3;7.14698738228341e-07
5853809;LD3;1.95572874334373e-05
5853811;LD3;5.17462953693712e-06
5853812;LD3;0.00361014910687589
5853814;LD3;6.12701379575838e-07
5853821;LD3;3.83127964015042e-05
5853824;LD3;0.0309454824833067
5853831;LD3;0.000544463953619337
5873919;LD3;0.00937935206295874
5873942;LD3;0.000332884524632609
5901568;LD3;4.77677045522609e-09
5901571;LD3;5.05213637065848e-08
5901572;LD3;1.74899690163212e-07
5901573;LD3;5.33528248156258e-07
5901580;LD3;0
5901593;LD3;1.71460107099901e-08
5901599;LD3;0
5901604;LD3;4.22121705654213e-08
5901609;LD3;6.68188745776142e-08
5901615;LD3;2.07173304042155e-08
5901618;LD3;2.3620794186125e-07
5901619;LD3;6.62225342037337e-06
5901625;LD3;2.64764230609638e-06
5901648;LD3;0
5901656;LD3;4.74198983007323e-11
5901661;LD3;3.25939168767319e-08
5901670;LD3;6.80670285874613e-07
5901680;LD3;2.18336606288969e-07
5901687;LD3;1.71365065303018e-07
5901690;LD3;2.1774836244345e-09
5901693;LD3;3.31097463534886e-08
5901694;LD3;4.37973976738529e-07
5969843;LD3;1.74257530550326e-09
5969844;LD3;2.01563537566372e-06
5969845;LD3;1.14430863731856e-05
5969846;LD3;8.70403606536772e-06
5969848;LD3;4.10057212216484e-06
5969857;LD3;1.14276120715973e-05
5969869;LD3;3.77453650294678e-07
5969872;LD3;1.09998452009778e-07
5969880;LD3;2.58851580583171e-06
5969882;LD3;6.3579368174964e-07
5969884;LD3;4.59290290784556e-07
5969885;LD3;6.44050600346178e-07
5969886;LD3;5.78472917172944e-07
5969891;LD3;2.89977012304203e-05
5969893;LD3;6.93454926251911e-07
5969894;LD3;2.17796543252013e-07
5969895;LD3;1.16010346884107e-05
5969896;LD3;1.04723736689166e-05
5969899;LD3;3.05288754981893e-06
5969903;LD3;7.81459559370715e-07
5969904;LD3;1.04895590182946e-06
5969906;LD3;9.47130857477449e-06
5969907;LD3;1.32794052717515e-05
5969926;LD3;7.18858266678233e-06
5969930;LD3;1.34267410048022e-06
5969931;LD3;4.15311433555442e-07
5969932;LD3;1.14034446599195e-05
5969933;LD3;5.09832517032605e-07
5969938;LD3;3.11739652307527e-07
5969942;LD3;5.05649631319006e-06
5969953;LD3;2.05957061833497e-05
5969955;LD3;5.11527206087045e-06
5969956;LD3;1.41660037558839e-05
5969960;LD3;1.41173202555925e-05
5969968;LD3;1.42070474503387e-05
5969969;LD3;1.34466961112344e-06
5982355;LD3;3.64585414176167e-07
5982356;LD3;0
5982357;LD3;2.99190369121189e-06
5982360;LD3;1.21089201889279e-09
5982365;LD3;0
5982367;LD3;0
5982370;LD3;0
5982386;LD3;5.30588370861959e-09
5982388;LD3;0
5982394;LD3;0
5982400;LD3;1.6622365643792e-07
5982409;LD3;2.59067696170244e-07
5982410;LD3;0
5982414;LD3;4.0534906725012e-08
5982415;LD3;1.07084924648367e-11
5982423;LD3;0
5982428;LD3;2.41319927447432e-06
5982431;LD3;8.19574028697669e-08
5982435;LD3;1.48857854354152e-08
5982439;LD3;0
5982441;LD3;0
5982452;LD3;0
5982455;LD3;7.09964419245118e-05
5982456;LD3;1.95952729746684e-07
5982468;LD3;4.81389768644357e-07
5982476;LD3;5.01463229400582e-09
5982477;LD3;4.0649531457248e-07
5982481;LD3;1.15772476467823e-07
6003575;LD3;4.05162230099519e-08
6003595;LD3;8.78050202784143e-08
6003597;LD3;4.67197148906093e-07
6003598;LD3;5.18613744307857e-09
6003600;LD3;7.99840874413747e-07
6003604;LD3;2.06030053766064e-09
6003616;LD3;1.30424519811294e-07
6003632;LD3;0.00183255592061512
6003634;LD3;2.01093440525638e-11
6003642;LD3;5.48420462261688e-09
6003646;LD3;5.82908139876625e-11
6003652;LD3;1.99059795833032e-08
6003654;LD3;4.41551972090142e-08
6003672;LD3;1.32888195101867e-08
6003686;LD3;1.60275998393805e-09
6003688;LD3;1.66623718740255e-08
6003693;LD3;4.27992862492168e-08
6003696;LD3;3.06977874800912e-09
6003698;LD3;4.20613567753399e-07
